Index,L5_Acceleration X(g),L5_Acceleration Y(g),L5_Acceleration Z(g),L5_Angular velocity X(°/s),L5_Angular velocity Y(°/s),L5_Angular velocity Z(°/s),L5_Angle X(°),L5_Angle Y(°),L5_Angle Z(°),L5_Magnetic field X(ʯt),L5_Magnetic field Y(ʯt),L5_Magnetic field Z(ʯt),L5_Temperature(℃),L5_Quaternions 0(),L5_Quaternions 1(),L5_Quaternions 2(),L5_Quaternions 3(),L5___orig_idx,T4_Acceleration X(g),T4_Acceleration Y(g),T4_Acceleration Z(g),T4_Angular velocity X(°/s),T4_Angular velocity Y(°/s),T4_Angular velocity Z(°/s),T4_Angle X(°),T4_Angle Y(°),T4_Angle Z(°),T4_Magnetic field X(ʯt),T4_Magnetic field Y(ʯt),T4_Magnetic field Z(ʯt),T4_Temperature(℃),T4_Quaternions 0(),T4_Quaternions 1(),T4_Quaternions 2(),T4_Quaternions 3(),T4___orig_idx,C7_Acceleration X(g),C7_Acceleration Y(g),C7_Acceleration Z(g),C7_Angular velocity X(°/s),C7_Angular velocity Y(°/s),C7_Angular velocity Z(°/s),C7_Angle X(°),C7_Angle Y(°),C7_Angle Z(°),C7_Magnetic field X(ʯt),C7_Magnetic field Y(ʯt),C7_Magnetic field Z(ʯt),C7_Temperature(℃),C7_Quaternions 0(),C7_Quaternions 1(),C7_Quaternions 2(),C7_Quaternions 3(),C7___orig_idx,T12_Acceleration X(g),T12_Acceleration Y(g),T12_Acceleration Z(g),T12_Angular velocity X(°/s),T12_Angular velocity Y(°/s),T12_Angular velocity Z(°/s),T12_Angle X(°),T12_Angle Y(°),T12_Angle Z(°),T12_Magnetic field X(ʯt),T12_Magnetic field Y(ʯt),T12_Magnetic field Z(ʯt),T12_Temperature(℃),T12_Quaternions 0(),T12_Quaternions 1(),T12_Quaternions 2(),T12_Quaternions 3(),T12___orig_idx
0,0.855,-0.154,-0.526,0.061,0.061,0.0,-163.542,-57.283,-48.362,-27.28,-8.227,6.473,29.14,-0.08008,-0.82022,0.29376,-0.48419,4.0,0.978,-0.031,0.237,-0.061,0.061,-0.305,-8.015,-76.284,-113.472,-28.047,-9.287,10.447,28.5,-0.39417,0.54535,0.29187,0.67966,0,0.941,-0.028,0.317,0.061,0.183,-0.671,-5.268,-71.285,160.203,-23.993,-10.6,-13.36,31.94,0.16483,0.56528,-0.13885,0.79617,6.0,0.83,-0.012,-0.536,0.0,0.183,0.0,-178.385,-57.228,-12.437,-27.127,-13.5,13.107,31.54,0.03931,0.8732,-0.08829,0.47757,2
1,0.855,-0.156,-0.528,0.061,0.0,0.061,-163.537,-57.283,-48.345,-27.28,-8.227,6.473,29.14,-0.08008,-0.82022,0.29376,-0.48419,5.0,0.976,-0.032,0.233,-0.305,0.122,-0.427,-7.982,-76.284,-113.494,-28.047,-9.287,10.447,28.5,-0.39417,0.54535,0.29187,0.67966,1,0.942,-0.029,0.312,-0.793,0.061,-0.671,-5.246,-71.285,160.153,-23.993,-10.6,-13.36,31.94,0.16483,0.56528,-0.13885,0.79617,7.0,0.83,-0.014,-0.536,0.0,0.183,0.0,-178.385,-57.228,-12.437,-27.127,-13.5,13.107,31.54,0.03931,0.8732,-0.08829,0.47757,3
2,0.855,-0.157,-0.527,0.061,0.0,0.0,-163.537,-57.283,-48.334,-27.28,-8.227,6.473,29.14,-0.08008,-0.82022,0.29376,-0.48419,14.0,0.976,-0.03,0.238,-0.427,0.061,-0.488,-7.949,-76.284,-113.522,-28.047,-9.287,10.447,28.5,-0.39417,0.54535,0.29187,0.67966,12,0.941,-0.026,0.319,-1.16,-0.061,-0.671,-5.229,-71.29,160.087,-23.993,-10.6,-13.36,31.94,0.16483,0.56528,-0.13885,0.79617,8.0,0.83,-0.014,-0.534,0.0,0.183,0.0,-178.391,-57.233,-12.437,-27.127,-13.5,13.107,31.54,0.03961,0.87329,-0.08841,0.47736,10
3,0.855,-0.156,-0.526,0.122,0.061,0.061,-163.537,-57.283,-48.323,-27.28,-8.227,6.473,29.14,-0.08008,-0.82022,0.29376,-0.48419,15.0,0.974,-0.03,0.241,-0.427,-0.061,-0.305,-7.921,-76.289,-113.533,-28.047,-9.287,10.447,28.5,-0.39417,0.54535,0.29187,0.67966,13,0.939,-0.026,0.32,-0.977,0.0,-0.427,-5.219,-71.29,160.016,-23.993,-10.6,-13.36,31.94,0.16483,0.56528,-0.13885,0.79617,9.0,0.83,-0.013,-0.534,0.305,0.244,0.0,-178.391,-57.233,-12.437,-27.127,-13.5,13.107,31.54,0.03961,0.87329,-0.08841,0.47736,11
4,0.855,-0.155,-0.525,0.061,0.061,0.122,-163.531,-57.283,-48.312,-27.28,-8.227,6.473,29.14,-0.08008,-0.82022,0.29376,-0.48419,22.0,0.97,-0.03,0.24,-0.427,-0.549,-0.061,-7.91,-76.295,-113.527,-28.047,-9.287,10.447,28.5,-0.39417,0.54535,0.29187,0.67966,16,0.936,-0.025,0.318,-0.793,0.061,-0.305,-5.213,-71.29,159.966,-23.993,-10.6,-13.36,31.94,0.16663,0.56696,-0.13724,0.79489,20.0,0.83,-0.014,-0.533,0.305,0.183,0.0,-178.385,-57.239,-12.437,-27.127,-13.5,13.107,31.54,0.03961,0.87329,-0.08841,0.47736,18
5,0.854,-0.156,-0.525,-0.061,0.0,0.061,-163.526,-57.283,-48.301,-27.28,-8.227,6.473,29.14,-0.08008,-0.82022,0.29376,-0.48419,23.0,0.973,-0.029,0.24,-0.366,-0.366,0.0,-7.916,-76.3,-113.516,-28.047,-9.287,10.447,28.5,-0.39417,0.54535,0.29187,0.67966,17,0.939,-0.026,0.318,-0.488,0.122,-0.244,-5.208,-71.29,159.944,-23.993,-10.6,-13.36,31.94,0.16663,0.56696,-0.13724,0.79489,21.0,0.83,-0.014,-0.532,0.0,0.061,0.0,-178.385,-57.239,-12.437,-27.127,-13.5,13.107,31.54,0.03961,0.87329,-0.08841,0.47736,19
6,0.854,-0.157,-0.525,-0.122,-0.061,0.061,-163.526,-57.283,-48.285,-27.28,-8.227,6.473,29.14,-0.08008,-0.82022,0.29376,-0.48419,34.0,0.975,-0.032,0.238,-0.183,0.305,0.0,-7.916,-76.3,-113.516,-28.047,-9.287,10.447,28.5,-0.39417,0.54535,0.29187,0.67966,26,0.939,-0.03,0.317,-0.183,0.366,-0.305,-5.186,-71.285,159.917,-23.993,-10.6,-13.36,31.94,0.16663,0.56696,-0.13724,0.79489,30.0,0.83,-0.013,-0.532,0.0,0.0,0.0,-178.385,-57.239,-12.437,-27.127,-13.5,13.107,31.54,0.03961,0.87329,-0.08841,0.47736,24
7,0.855,-0.158,-0.526,-0.122,-0.061,0.061,-163.526,-57.277,-48.274,-27.28,-8.227,6.473,29.14,-0.08008,-0.82022,0.29376,-0.48419,35.0,0.973,-0.034,0.239,-0.122,0.183,0.0,-7.91,-76.295,-113.533,-28.047,-9.287,10.447,28.5,-0.39417,0.54535,0.29187,0.67966,27,0.935,-0.03,0.321,0.0,0.671,-0.427,-5.158,-71.268,159.868,-23.993,-10.6,-13.36,31.94,0.16663,0.56696,-0.13724,0.79489,31.0,0.831,-0.014,-0.531,0.0,0.0,0.0,-178.385,-57.239,-12.437,-27.127,-13.5,13.107,31.54,0.03961,0.87329,-0.08841,0.47736,25
8,0.855,-0.159,-0.527,0.0,0.0,0.061,-163.526,-57.277,-48.263,-27.28,-8.227,6.473,29.14,-0.08008,-0.82022,0.29376,-0.48419,40.0,0.971,-0.034,0.242,-0.122,-0.061,0.122,-7.91,-76.289,-113.544,-28.047,-9.287,10.447,28.5,-0.39417,0.54535,0.29187,0.67966,32,0.936,-0.027,0.325,0.0,0.488,-0.061,-5.147,-71.257,159.829,-23.993,-10.6,-13.36,31.94,0.16663,0.56696,-0.13724,0.79489,36.0,0.83,-0.016,-0.532,-0.183,0.0,0.0,-178.391,-57.239,-12.437,-27.127,-13.5,13.107,31.54,0.03961,0.87329,-0.08841,0.47736,28
9,0.854,-0.158,-0.527,0.061,-0.122,0.061,-163.521,-57.277,-48.252,-27.28,-8.227,6.473,29.14,-0.08008,-0.82022,0.29376,-0.48419,41.0,0.97,-0.032,0.241,-0.122,-0.244,0.366,-7.932,-76.289,-113.544,-28.047,-9.287,10.447,28.5,-0.39417,0.54535,0.29187,0.67966,33,0.935,-0.027,0.322,-0.122,0.305,0.427,-5.175,-71.252,159.818,-23.993,-10.6,-13.36,31.94,0.16663,0.56696,-0.13724,0.79489,37.0,0.83,-0.016,-0.533,-0.061,-0.122,0.0,-178.391,-57.239,-12.437,-27.127,-13.5,13.107,31.54,0.03961,0.87329,-0.08841,0.47736,29
10,0.857,-0.157,-0.525,0.122,-0.366,0.061,-163.521,-57.266,-48.235,-27.507,-8.653,6.507,29.14,-0.08008,-0.82022,0.29376,-0.48419,42.0,0.972,-0.031,0.242,-0.183,-0.366,0.488,-7.971,-76.295,-113.522,-28.047,-9.287,10.447,28.5,-0.39417,0.54535,0.29187,0.67966,38,0.938,-0.028,0.321,-0.122,0.122,0.366,-5.191,-71.246,159.807,-23.993,-10.6,-13.36,31.94,0.16663,0.56696,-0.13724,0.79489,46.0,0.829,-0.016,-0.532,0.305,-0.244,0.0,-178.391,-57.233,-12.437,-27.127,-13.5,13.107,31.54,0.03961,0.87329,-0.08841,0.47736,44
11,0.858,-0.155,-0.525,0.061,-0.122,0.061,-163.515,-57.266,-48.224,-27.507,-8.653,6.507,29.14,-0.08008,-0.82022,0.29376,-0.48419,43.0,0.973,-0.03,0.24,0.0,-0.061,0.427,-8.004,-76.295,-113.5,-28.047,-9.287,10.447,28.5,-0.39417,0.54535,0.29187,0.67966,39,0.94,-0.027,0.32,-0.305,0.366,0.061,-5.197,-71.235,159.769,-23.993,-10.6,-13.36,31.94,0.16663,0.56696,-0.13724,0.79489,47.0,0.83,-0.015,-0.53,0.183,-0.366,0.0,-178.385,-57.228,-12.437,-27.127,-13.5,13.107,31.54,0.03961,0.87329,-0.08841,0.47736,45
12,0.858,-0.155,-0.525,0.0,0.305,0.061,-163.51,-57.272,-48.214,-27.507,-8.653,6.507,29.14,-0.08008,-0.82022,0.29376,-0.48419,54.0,0.974,-0.032,0.239,0.183,0.0,0.549,-8.036,-76.289,-113.478,-28.047,-9.287,10.447,28.5,-0.39417,0.54535,0.29187,0.67966,52,0.939,-0.03,0.322,0.732,0.488,0.122,-5.186,-71.224,159.708,-23.993,-10.6,-13.36,31.94,0.16663,0.56696,-0.13724,0.79489,50.0,0.83,-0.014,-0.534,-0.122,-0.366,0.0,-178.385,-57.222,-12.437,-27.127,-13.5,13.107,31.54,0.03961,0.87329,-0.08841,0.47736,48
13,0.856,-0.156,-0.525,0.0,0.427,0.0,-163.51,-57.283,-48.208,-27.507,-8.653,6.507,29.14,-0.08008,-0.82022,0.29376,-0.48419,55.0,0.977,-0.032,0.238,0.427,-0.183,0.671,-8.075,-76.289,-113.439,-28.047,-9.287,10.447,28.5,-0.39417,0.54535,0.29187,0.67966,53,0.942,-0.028,0.32,1.16,0.732,0.0,-5.158,-71.208,159.648,-23.993,-10.6,-13.36,31.94,0.16663,0.56696,-0.13724,0.79489,51.0,0.83,-0.014,-0.537,-0.061,-0.366,0.0,-178.391,-57.217,-12.431,-27.127,-13.5,13.107,31.54,0.03961,0.87329,-0.08841,0.47736,49
14,0.854,-0.157,-0.531,-0.061,0.427,-0.061,-163.504,-57.288,-48.197,-27.507,-8.653,6.507,29.14,-0.07886,-0.82086,0.29202,-0.48434,64.0,0.984,-0.032,0.235,0.366,-0.061,0.671,-8.113,-76.284,-113.379,-27.847,-9.38,10.673,28.5,-0.39417,0.54535,0.29187,0.67966,58,0.949,-0.025,0.315,0.732,1.221,0.061,-5.136,-71.186,159.582,-23.993,-10.6,-13.36,31.94,0.16663,0.56696,-0.13724,0.79489,60.0,0.83,-0.014,-0.536,-0.183,-0.244,0.0,-178.391,-57.211,-12.431,-27.127,-13.5,13.107,31.54,0.03961,0.87329,-0.08841,0.47736,56
15,0.854,-0.155,-0.532,0.183,0.122,0.061,-163.499,-57.294,-48.186,-27.507,-8.653,6.507,29.14,-0.07886,-0.82086,0.29202,-0.48434,65.0,0.986,-0.032,0.23,0.183,-0.183,0.793,-8.163,-76.284,-113.324,-27.847,-9.38,10.673,28.5,-0.39417,0.54535,0.29187,0.67966,59,0.948,-0.026,0.31,0.244,1.343,0.183,-5.136,-71.158,159.532,-23.993,-10.6,-13.36,31.94,0.16663,0.56696,-0.13724,0.79489,61.0,0.829,-0.014,-0.539,0.183,-0.122,0.0,-178.391,-57.211,-12.431,-27.127,-13.5,13.107,31.54,0.03961,0.87329,-0.08841,0.47736,57
16,0.853,-0.155,-0.535,0.244,-0.122,0.0,-163.499,-57.288,-48.175,-27.507,-8.653,6.507,29.14,-0.07886,-0.82086,0.29202,-0.48434,70.0,0.986,-0.032,0.226,0.061,-0.183,0.977,-8.229,-76.284,-113.258,-27.847,-9.38,10.673,28.5,-0.39417,0.54535,0.29187,0.67966,62,0.951,-0.024,0.303,-0.61,1.648,0.488,-5.164,-71.125,159.505,-23.6,-10.707,-15.287,31.94,0.16663,0.56696,-0.13724,0.79489,66.0,0.83,-0.014,-0.538,0.549,0.0,0.0,-178.385,-57.206,-12.431,-27.127,-13.5,13.107,31.54,0.03961,0.87329,-0.08841,0.47736,72
17,0.854,-0.157,-0.533,0.0,0.122,0.0,-163.499,-57.288,-48.164,-27.507,-8.653,6.507,29.14,-0.07886,-0.82086,0.29202,-0.48434,71.0,0.989,-0.032,0.225,0.0,0.305,1.038,-8.3,-76.278,-113.192,-27.847,-9.38,10.673,28.5,-0.39417,0.54535,0.29187,0.67966,63,0.955,-0.028,0.305,-0.61,1.526,0.854,-5.213,-71.098,159.521,-23.6,-10.707,-15.287,31.94,0.16663,0.56696,-0.13724,0.79489,67.0,0.828,-0.014,-0.538,0.244,0.061,0.0,-178.38,-57.206,-12.431,-27.127,-13.5,13.107,31.54,0.03961,0.87329,-0.08841,0.47736,73
18,0.853,-0.156,-0.531,-0.061,0.427,0.0,-163.493,-57.294,-48.153,-27.507,-8.653,6.507,29.14,-0.07886,-0.82086,0.29202,-0.48434,76.0,0.987,-0.035,0.222,0.0,0.793,0.916,-8.366,-76.267,-113.115,-27.847,-9.38,10.673,28.5,-0.3945,0.54556,0.2915,0.67944,68,0.951,-0.033,0.307,-0.427,1.648,1.099,-5.279,-71.071,159.571,-23.6,-10.707,-15.287,31.94,0.17047,0.56473,-0.13983,0.7952,74.0,0.83,-0.014,-0.541,0.122,0.122,0.0,-178.374,-57.211,-12.431,-26.807,-13.4,14.46,31.54,0.03961,0.87329,-0.08841,0.47736,84
19,0.856,-0.156,-0.531,0.122,0.549,0.0,-163.488,-57.305,-48.148,-27.507,-8.653,6.507,29.14,-0.07886,-0.82086,0.29202,-0.48434,77.0,0.979,-0.038,0.23,0.122,0.427,0.671,-8.421,-76.262,-113.049,-27.847,-9.38,10.673,28.5,-0.3945,0.54556,0.2915,0.67944,69,0.945,-0.037,0.317,0.793,1.831,1.099,-5.317,-71.043,159.615,-23.6,-10.707,-15.287,31.94,0.17047,0.56473,-0.13983,0.7952,75.0,0.83,-0.014,-0.543,0.244,0.305,0.0,-178.374,-57.211,-12.431,-26.807,-13.4,14.46,31.54,0.03961,0.87329,-0.08841,0.47736,85
20,0.858,-0.158,-0.526,0.366,0.793,0.0,-163.477,-57.316,-48.142,-27.507,-8.653,6.507,29.14,-0.07886,-0.82086,0.29202,-0.48434,80.0,0.969,-0.039,0.238,0.061,-0.244,0.183,-8.448,-76.262,-113.0,-27.847,-9.38,10.673,28.5,-0.3945,0.54556,0.2915,0.67944,78,0.923,-0.04,0.328,1.221,1.892,-0.122,-5.279,-71.01,159.587,-23.6,-10.707,-15.287,31.94,0.17047,0.56473,-0.13983,0.7952,82.0,0.83,-0.015,-0.543,0.244,0.427,0.0,-178.369,-57.217,-12.431,-26.807,-13.4,14.46,31.54,0.03961,0.87329,-0.08841,0.47736,90
21,0.858,-0.157,-0.525,0.366,0.61,0.0,-163.466,-57.327,-48.137,-27.507,-8.653,6.507,29.14,-0.07886,-0.82086,0.29202,-0.48434,81.0,0.961,-0.037,0.246,0.061,-0.977,-0.061,-8.459,-76.273,-112.978,-27.847,-9.38,10.673,28.5,-0.3945,0.54556,0.2915,0.67944,79,0.921,-0.03,0.335,1.099,1.099,-0.732,-5.213,-70.994,159.549,-23.6,-10.707,-15.287,31.94,0.17047,0.56473,-0.13983,0.7952,83.0,0.83,-0.017,-0.539,0.305,0.549,0.0,-178.363,-57.222,-12.431,-26.807,-13.4,14.46,31.54,0.03961,0.87329,-0.08841,0.47736,91
22,0.858,-0.156,-0.522,0.427,0.305,0.0,-163.455,-57.332,-48.131,-27.507,-8.653,6.507,29.14,-0.07886,-0.82086,0.29202,-0.48434,94.0,0.968,-0.033,0.246,0.366,-0.732,-0.183,-8.454,-76.295,-112.972,-27.847,-9.38,10.673,28.5,-0.3945,0.54556,0.2915,0.67944,86,0.935,-0.027,0.331,0.61,0.549,-0.122,-5.197,-70.983,159.565,-23.6,-10.707,-15.287,31.94,0.17047,0.56473,-0.13983,0.7952,88.0,0.83,-0.015,-0.535,0.244,0.61,0.0,-178.358,-57.233,-12.431,-26.807,-13.4,14.46,31.54,0.03961,0.87329,-0.08841,0.47736,96
23,0.857,-0.157,-0.524,0.366,0.305,0.0,-163.444,-57.338,-48.12,-27.507,-8.653,6.507,29.14,-0.07886,-0.82086,0.29202,-0.48434,95.0,0.978,-0.034,0.24,0.671,-0.061,-0.183,-8.432,-76.3,-112.994,-27.847,-9.38,10.673,28.5,-0.3945,0.54556,0.2915,0.67944,87,0.949,-0.028,0.325,0.0,-0.427,0.366,-5.219,-70.988,159.609,-23.6,-10.707,-15.287,31.94,0.17047,0.56473,-0.13983,0.7952,89.0,0.83,-0.014,-0.531,0.244,0.488,0.0,-178.352,-57.239,-12.431,-26.807,-13.4,14.46,31.54,0.03961,0.87329,-0.08841,0.47736,97
24,0.856,-0.158,-0.523,0.183,0.549,0.0,-163.433,-57.343,-48.115,-27.507,-8.653,6.507,29.14,-0.07886,-0.82086,0.29202,-0.48434,104.0,0.989,-0.034,0.234,0.671,0.0,0.0,-8.41,-76.3,-113.016,-27.847,-9.38,10.673,28.5,-0.3945,0.54556,0.2915,0.67944,92,0.957,-0.03,0.319,0.244,0.793,0.061,-5.219,-70.977,159.631,-23.6,-10.707,-15.287,31.94,0.17047,0.56473,-0.13983,0.7952,98.0,0.831,-0.015,-0.53,0.122,0.305,0.0,-178.352,-57.244,-12.431,-26.807,-13.4,14.46,31.54,0.03934,0.87326,-0.08823,0.47748,102
25,0.853,-0.159,-0.52,0.0,0.793,0.0,-163.427,-57.36,-48.115,-27.507,-8.653,6.507,29.14,-0.07886,-0.82086,0.29202,-0.48434,105.0,0.99,-0.035,0.228,0.366,-0.122,0.244,-8.41,-76.3,-113.027,-27.847,-9.38,10.673,28.5,-0.3945,0.54556,0.2915,0.67944,93,0.958,-0.029,0.315,0.122,0.977,0.0,-5.213,-70.955,159.653,-23.6,-10.707,-15.287,31.94,0.17047,0.56473,-0.13983,0.7952,99.0,0.831,-0.015,-0.531,-0.061,0.244,0.0,-178.352,-57.25,-12.431,-26.807,-13.4,14.46,31.54,0.03934,0.87326,-0.08823,0.47748,103
26,0.853,-0.158,-0.521,0.0,0.671,0.0,-163.416,-57.376,-48.109,-27.2,-8.507,6.673,29.14,-0.07886,-0.82086,0.29202,-0.48434,112.0,0.97,-0.036,0.233,-0.244,-1.282,0.244,-8.432,-76.311,-113.022,-27.847,-9.38,10.673,28.5,-0.3945,0.54556,0.2915,0.67944,100,0.918,-0.034,0.324,0.549,1.77,-0.793,-5.147,-70.928,159.604,-23.6,-10.707,-15.287,31.94,0.17047,0.56473,-0.13983,0.7952,108.0,0.831,-0.017,-0.533,0.0,0.244,0.0,-178.352,-57.255,-12.431,-26.807,-13.4,14.46,31.54,0.03934,0.87326,-0.08823,0.47748,106
27,0.854,-0.158,-0.524,0.0,0.366,0.0,-163.416,-57.382,-48.104,-27.2,-8.507,6.673,29.14,-0.07886,-0.82086,0.29202,-0.48434,113.0,0.951,-0.033,0.245,-0.549,-2.869,0.122,-8.481,-76.36,-112.989,-27.847,-9.38,10.673,28.5,-0.3945,0.54556,0.2915,0.67944,101,0.901,-0.026,0.333,0.549,2.563,-0.977,-5.07,-70.878,159.549,-23.6,-10.707,-15.287,31.94,0.17047,0.56473,-0.13983,0.7952,109.0,0.829,-0.015,-0.532,0.0,0.305,0.0,-178.352,-57.261,-12.431,-26.807,-13.4,14.46,31.54,0.03934,0.87326,-0.08823,0.47748,107
28,0.855,-0.159,-0.527,-0.244,0.305,0.0,-163.416,-57.387,-48.098,-27.2,-8.507,6.673,29.14,-0.07886,-0.82086,0.29202,-0.48434,118.0,0.966,-0.034,0.247,-0.122,-1.892,0.061,-8.52,-76.399,-112.956,-27.847,-9.38,10.673,28.5,-0.3945,0.54556,0.2915,0.67944,110,0.938,-0.027,0.329,-0.122,0.244,0.0,-5.076,-70.873,159.565,-23.6,-10.707,-15.287,31.94,0.17047,0.56473,-0.13983,0.7952,116.0,0.829,-0.015,-0.527,0.244,0.122,0.0,-178.347,-57.261,-12.431,-26.807,-13.4,14.46,31.54,0.03934,0.87326,-0.08823,0.47748,114
29,0.858,-0.156,-0.533,-0.244,0.183,0.0,-163.416,-57.387,-48.087,-27.2,-8.507,6.673,29.14,-0.07886,-0.82086,0.29202,-0.48434,119.0,0.989,-0.036,0.233,0.244,0.732,0.0,-8.509,-76.393,-112.956,-27.847,-9.38,10.673,28.5,-0.3945,0.54556,0.2915,0.67944,111,0.952,-0.033,0.314,-0.549,0.183,0.61,-5.12,-70.867,159.615,-23.6,-10.707,-15.287,31.94,0.17047,0.56473,-0.13983,0.7952,117.0,0.829,-0.016,-0.528,0.244,0.122,0.0,-178.341,-57.266,-12.431,-26.807,-13.4,14.46,31.54,0.03934,0.87326,-0.08823,0.47748,115
30,0.857,-0.155,-0.53,0.0,0.244,0.0,-163.416,-57.393,-48.082,-27.2,-8.507,6.673,29.14,-0.07806,-0.82086,0.29041,-0.48541,126.0,0.99,-0.034,0.229,0.061,1.16,-0.061,-8.492,-76.371,-112.972,-27.847,-9.38,10.673,28.5,-0.3945,0.54556,0.2915,0.67944,122,0.955,-0.029,0.317,-0.977,-0.549,0.061,-5.153,-70.878,159.626,-24.227,-10.66,-13.76,31.94,0.17047,0.56473,-0.13983,0.7952,124.0,0.83,-0.016,-0.534,0.0,0.0,0.0,-178.341,-57.266,-12.431,-26.807,-13.4,14.46,31.54,0.03934,0.87326,-0.08823,0.47748,120
31,0.856,-0.155,-0.529,0.061,-0.061,0.0,-163.411,-57.387,-48.065,-27.2,-8.507,6.673,29.14,-0.07806,-0.82086,0.29041,-0.48541,127.0,0.976,-0.032,0.227,-0.122,0.305,-0.183,-8.47,-76.36,-112.983,-27.847,-9.38,10.673,28.5,-0.3945,0.54556,0.2915,0.67944,123,0.933,-0.03,0.318,-0.671,1.038,-1.099,-5.098,-70.862,159.565,-24.227,-10.66,-13.76,31.94,0.17047,0.56473,-0.13983,0.7952,125.0,0.831,-0.015,-0.541,0.061,0.183,0.0,-178.341,-57.272,-12.431,-26.807,-13.4,14.46,31.54,0.03934,0.87326,-0.08823,0.47748,121
32,0.855,-0.153,-0.522,-0.183,0.0,0.0,-163.416,-57.387,-48.06,-27.2,-8.507,6.673,29.14,-0.07806,-0.82086,0.29041,-0.48541,132.0,0.976,-0.03,0.234,-0.183,0.0,-0.244,-8.454,-76.36,-113.0,-28.3,-9.193,10.773,28.5,-0.3945,0.54556,0.2915,0.67944,130,0.938,-0.022,0.321,0.0,1.16,-0.61,-5.059,-70.845,159.549,-24.227,-10.66,-13.76,31.94,0.17047,0.56473,-0.13983,0.7952,136.0,0.831,-0.013,-0.535,0.244,0.061,0.0,-178.336,-57.272,-12.431,-26.807,-13.4,14.46,31.54,0.03934,0.87326,-0.08823,0.47748,128
33,0.857,-0.154,-0.521,-0.183,0.183,0.0,-163.422,-57.393,-48.049,-27.2,-8.507,6.673,29.14,-0.07806,-0.82086,0.29041,-0.48541,133.0,0.98,-0.031,0.234,-0.366,0.854,-0.183,-8.432,-76.349,-113.027,-28.3,-9.193,10.773,28.5,-0.3945,0.54556,0.2915,0.67944,131,0.941,-0.027,0.328,-0.854,0.305,-0.427,-5.048,-70.84,159.543,-24.227,-10.66,-13.76,31.94,0.17047,0.56473,-0.13983,0.7952,137.0,0.83,-0.013,-0.534,0.122,-0.122,0.0,-178.336,-57.266,-12.431,-26.807,-13.4,14.46,31.54,0.03934,0.87326,-0.08823,0.47748,129
34,0.858,-0.157,-0.521,-0.366,0.183,0.0,-163.427,-57.393,-48.043,-27.2,-8.507,6.673,29.14,-0.07806,-0.82086,0.29041,-0.48541,144.0,0.975,-0.034,0.239,-0.671,0.366,-0.366,-8.405,-76.339,-113.049,-28.3,-9.193,10.773,28.5,-0.39462,0.54587,0.29187,0.67896,138,0.934,-0.03,0.331,-1.099,0.0,-0.671,-5.032,-70.84,159.521,-24.227,-10.66,-13.76,31.94,0.16965,0.56342,-0.13812,0.7966,142.0,0.831,-0.013,-0.538,-0.122,0.0,0.0,-178.341,-57.266,-12.431,-26.807,-13.4,14.46,31.54,0.03934,0.87326,-0.08823,0.47748,134
35,0.858,-0.156,-0.523,-0.366,0.122,0.0,-163.433,-57.398,-48.032,-27.2,-8.507,6.673,29.14,-0.07806,-0.82086,0.29041,-0.48541,145.0,0.972,-0.033,0.239,-0.854,-0.549,-0.671,-8.372,-76.349,-113.088,-28.3,-9.193,10.773,28.5,-0.39462,0.54587,0.29187,0.67896,139,0.931,-0.028,0.331,-1.16,-0.183,-1.099,-4.993,-70.845,159.467,-24.227,-10.66,-13.76,31.94,0.16965,0.56342,-0.13812,0.7966,143.0,0.831,-0.013,-0.533,-0.061,0.0,0.0,-178.341,-57.266,-12.431,-26.807,-13.4,14.46,31.54,0.03934,0.87326,-0.08823,0.47748,135
36,0.856,-0.155,-0.526,-0.122,-0.061,0.0,-163.438,-57.398,-48.021,-27.2,-8.507,6.673,29.14,-0.07806,-0.82086,0.29041,-0.48541,154.0,0.971,-0.033,0.239,-0.916,-0.488,-0.793,-8.333,-76.36,-113.143,-28.3,-9.193,10.773,28.5,-0.39462,0.54587,0.29187,0.67896,146,0.933,-0.027,0.329,-1.221,-0.488,-1.099,-4.96,-70.856,159.406,-24.227,-10.66,-13.76,31.94,0.16965,0.56342,-0.13812,0.7966,150.0,0.83,-0.013,-0.529,0.0,0.0,0.0,-178.347,-57.266,-12.431,-26.807,-13.4,14.46,31.54,0.03934,0.87326,-0.08823,0.47748,140
37,0.855,-0.158,-0.527,0.061,-0.183,0.0,-163.438,-57.393,-48.01,-27.2,-8.507,6.673,29.14,-0.07806,-0.82086,0.29041,-0.48541,155.0,0.969,-0.032,0.239,-0.61,-0.488,-0.671,-8.289,-76.371,-113.187,-28.3,-9.193,10.773,28.5,-0.39462,0.54587,0.29187,0.67896,147,0.927,-0.024,0.327,-0.732,-0.854,-0.61,-4.944,-70.873,159.373,-24.227,-10.66,-13.76,31.94,0.16965,0.56342,-0.13812,0.7966,151.0,0.83,-0.013,-0.532,-0.122,0.0,0.0,-178.347,-57.266,-12.431,-26.807,-13.4,14.46,31.54,0.03934,0.87326,-0.08823,0.47748,141
38,0.854,-0.16,-0.527,0.0,-0.305,0.0,-163.438,-57.387,-47.999,-27.2,-8.507,6.673,29.14,-0.07806,-0.82086,0.29041,-0.48541,156.0,0.969,-0.033,0.239,0.0,0.0,-0.366,-8.256,-76.371,-113.209,-28.3,-9.193,10.773,28.5,-0.39462,0.54587,0.29187,0.67896,152,0.931,-0.028,0.329,0.427,-1.099,0.061,-4.944,-70.895,159.362,-24.227,-10.66,-13.76,31.94,0.16965,0.56342,-0.13812,0.7966,158.0,0.829,-0.014,-0.532,-0.061,-0.061,0.0,-178.352,-57.266,-12.431,-26.807,-13.4,14.46,31.54,0.03934,0.87326,-0.08823,0.47748,148
39,0.855,-0.158,-0.526,0.122,-0.366,0.0,-163.438,-57.382,-47.983,-27.2,-8.507,6.673,29.14,-0.07806,-0.82086,0.29041,-0.48541,157.0,0.974,-0.034,0.24,0.244,0.488,-0.305,-8.218,-76.36,-113.247,-28.3,-9.193,10.773,28.5,-0.39462,0.54587,0.29187,0.67896,153,0.938,-0.027,0.327,0.244,-1.16,0.0,-4.944,-70.917,159.346,-24.227,-10.66,-13.76,31.94,0.16965,0.56342,-0.13812,0.7966,159.0,0.83,-0.015,-0.533,0.0,-0.122,0.0,-178.352,-57.261,-12.431,-26.807,-13.4,14.46,31.54,0.03934,0.87326,-0.08823,0.47748,149
40,0.856,-0.156,-0.526,0.183,-0.488,0.0,-163.438,-57.371,-47.972,-27.2,-8.507,6.673,29.14,-0.07806,-0.82086,0.29041,-0.48541,166.0,0.978,-0.032,0.237,-0.122,0.61,-0.305,-8.179,-76.349,-113.286,-28.3,-9.193,10.773,28.5,-0.39462,0.54587,0.29187,0.67896,160,0.939,-0.025,0.323,-0.549,-0.977,-0.549,-4.922,-70.933,159.296,-24.227,-10.66,-13.76,31.94,0.16965,0.56342,-0.13812,0.7966,164.0,0.829,-0.015,-0.532,0.0,-0.244,0.0,-178.358,-57.261,-12.431,-26.807,-13.4,14.46,31.54,0.03934,0.87326,-0.08823,0.47748,162
41,0.857,-0.157,-0.526,0.122,-0.061,0.0,-163.438,-57.365,-47.955,-27.2,-8.507,6.673,29.14,-0.07806,-0.82086,0.29041,-0.48541,167.0,0.978,-0.03,0.231,-0.244,0.793,-0.122,-8.163,-76.333,-113.318,-28.3,-9.193,10.773,28.5,-0.39462,0.54587,0.29187,0.67896,161,0.941,-0.022,0.317,-0.732,-0.854,-0.366,-4.916,-70.95,159.269,-24.227,-10.66,-13.76,31.94,0.16965,0.56342,-0.13812,0.7966,165.0,0.83,-0.016,-0.533,0.183,-0.305,0.0,-178.352,-57.255,-12.431,-26.807,-13.4,14.46,31.54,0.03934,0.87326,-0.08823,0.47748,163
42,0.858,-0.157,-0.525,0.061,-0.122,0.0,-163.438,-57.365,-47.95,-27.2,-8.507,6.673,29.14,-0.07806,-0.82086,0.29041,-0.48541,176.0,0.98,-0.033,0.234,-0.183,1.221,0.244,-8.163,-76.311,-113.318,-28.3,-9.193,10.773,28.5,-0.39462,0.54587,0.29187,0.67896,170,0.945,-0.028,0.318,-0.122,-1.404,0.427,-4.949,-70.972,159.329,-24.227,-10.66,-13.76,31.94,0.16965,0.56342,-0.13812,0.7966,172.0,0.83,-0.015,-0.536,0.061,-0.305,0.0,-178.352,-57.244,-12.431,-26.887,-13.753,14.107,31.54,0.03934,0.87326,-0.08823,0.47748,168
43,0.858,-0.155,-0.523,0.061,-0.061,0.0,-163.438,-57.36,-47.939,-27.2,-8.507,6.673,29.14,-0.07806,-0.82086,0.29041,-0.48541,177.0,0.983,-0.036,0.232,0.183,1.343,0.427,-8.174,-76.284,-113.302,-28.3,-9.193,10.773,28.5,-0.39462,0.54587,0.29187,0.67896,171,0.948,-0.033,0.322,0.061,-1.343,0.793,-4.999,-70.999,159.412,-24.227,-10.66,-13.76,31.94,0.16965,0.56342,-0.13812,0.7966,173.0,0.83,-0.015,-0.539,0.305,-0.122,0.0,-178.347,-57.244,-12.431,-26.887,-13.753,14.107,31.54,0.03934,0.87326,-0.08823,0.47748,169
44,0.856,-0.154,-0.522,0.0,0.061,0.0,-163.433,-57.36,-47.928,-27.533,-8.727,7.153,29.14,-0.07806,-0.82086,0.29041,-0.48541,182.0,0.982,-0.034,0.235,0.122,0.916,0.183,-8.174,-76.262,-113.286,-28.3,-9.193,10.773,28.5,-0.39462,0.54587,0.29187,0.67896,174,0.936,-0.03,0.321,0.122,-1.16,0.244,-5.015,-71.021,159.45,-24.227,-10.66,-13.76,31.94,0.16965,0.56342,-0.13812,0.7966,180.0,0.83,-0.016,-0.535,0.183,-0.061,0.0,-178.347,-57.244,-12.431,-26.887,-13.753,14.107,31.54,0.03934,0.87326,-0.08823,0.47748,178
45,0.856,-0.155,-0.524,-0.122,0.183,0.0,-163.433,-57.36,-47.922,-27.533,-8.727,7.153,29.14,-0.07806,-0.82086,0.29041,-0.48541,183.0,0.977,-0.032,0.234,0.0,0.122,-0.122,-8.168,-76.256,-113.291,-28.3,-9.193,10.773,28.5,-0.39462,0.54587,0.29187,0.67896,175,0.944,-0.022,0.319,0.0,-0.916,0.183,-5.01,-71.038,159.494,-24.227,-10.66,-13.76,31.94,0.16965,0.56342,-0.13812,0.7966,181.0,0.831,-0.015,-0.536,0.122,-0.061,0.0,-178.341,-57.239,-12.431,-26.887,-13.753,14.107,31.54,0.03934,0.87326,-0.08823,0.47748,179
46,0.857,-0.157,-0.527,-0.122,0.244,0.0,-163.438,-57.365,-47.917,-27.533,-8.727,7.153,29.14,-0.07806,-0.82086,0.29041,-0.48541,192.0,0.977,-0.03,0.235,0.061,0.061,-0.061,-8.157,-76.256,-113.291,-28.3,-9.193,10.773,28.5,-0.39462,0.54587,0.29187,0.67896,186,0.941,-0.025,0.32,-0.366,-1.038,0.488,-5.032,-71.06,159.554,-24.227,-10.66,-13.76,31.94,0.16965,0.56342,-0.13812,0.7966,188.0,0.831,-0.014,-0.535,0.183,-0.061,0.0,-178.341,-57.239,-12.431,-26.887,-13.753,14.107,31.54,0.03922,0.87326,-0.08813,0.47748,184
47,0.856,-0.157,-0.527,-0.122,0.183,0.0,-163.438,-57.371,-47.906,-27.533,-8.727,7.153,29.14,-0.07806,-0.82086,0.29041,-0.48541,193.0,0.978,-0.029,0.236,0.0,0.427,0.0,-8.146,-76.251,-113.302,-28.3,-9.193,10.773,28.5,-0.39462,0.54587,0.29187,0.67896,187,0.933,-0.027,0.323,-1.099,-0.793,-0.122,-5.065,-71.076,159.615,-24.227,-10.66,-13.76,31.94,0.16965,0.56342,-0.13812,0.7966,189.0,0.829,-0.013,-0.536,0.0,-0.061,0.0,-178.341,-57.239,-12.426,-26.887,-13.753,14.107,31.54,0.03922,0.87326,-0.08813,0.47748,185
48,0.855,-0.157,-0.527,0.0,-0.122,0.0,-163.438,-57.371,-47.9,-27.533,-8.727,7.153,29.14,-0.07739,-0.82135,0.28925,-0.48538,194.0,0.973,-0.032,0.238,-0.366,0.305,0.061,-8.146,-76.245,-113.297,-27.767,-9.353,10.853,28.5,-0.39462,0.54587,0.29187,0.67896,190,0.933,-0.023,0.324,-1.892,-0.793,-0.244,-5.081,-71.093,159.637,-23.58,-10.38,-13.053,31.94,0.16965,0.56342,-0.13812,0.7966,198.0,0.83,-0.014,-0.536,0.0,0.0,0.0,-178.341,-57.239,-12.426,-26.887,-13.753,14.107,31.54,0.03922,0.87326,-0.08813,0.47748,196
49,0.856,-0.157,-0.527,0.0,-0.183,0.0,-163.438,-57.371,-47.889,-27.533,-8.727,7.153,29.14,-0.07739,-0.82135,0.28925,-0.48538,195.0,0.971,-0.031,0.241,-0.854,0.0,0.061,-8.163,-76.245,-113.297,-27.767,-9.353,10.853,28.5,-0.39462,0.54587,0.29187,0.67896,191,0.939,-0.025,0.322,-1.404,-1.282,0.549,-5.114,-71.109,159.659,-23.58,-10.38,-13.053,31.94,0.16965,0.56342,-0.13812,0.7966,199.0,0.829,-0.015,-0.535,0.061,0.0,0.0,-178.341,-57.233,-12.426,-26.887,-13.753,14.107,31.54,0.03922,0.87326,-0.08813,0.47748,197
50,0.856,-0.157,-0.526,0.0,-0.061,0.0,-163.438,-57.365,-47.878,-27.533,-8.727,7.153,29.14,-0.07739,-0.82135,0.28925,-0.48538,206.0,0.973,-0.031,0.24,-0.61,0.122,0.305,-8.19,-76.24,-113.291,-27.767,-9.353,10.853,28.5,-0.39462,0.54587,0.29187,0.67896,200,0.946,-0.029,0.318,-0.61,-1.404,0.977,-5.18,-71.131,159.697,-23.58,-10.38,-13.053,31.94,0.16901,0.56549,-0.13861,0.7952,204.0,0.829,-0.014,-0.534,0.0,-0.061,0.0,-178.341,-57.233,-12.426,-26.887,-13.753,14.107,31.54,0.03922,0.87326,-0.08813,0.47748,202
51,0.856,-0.156,-0.525,0.0,0.0,0.0,-163.438,-57.365,-47.873,-27.533,-8.727,7.153,29.14,-0.07739,-0.82135,0.28925,-0.48538,207.0,0.976,-0.032,0.238,-0.122,0.427,0.549,-8.223,-76.234,-113.264,-27.767,-9.353,10.853,28.5,-0.39462,0.54587,0.29187,0.67896,201,0.943,-0.031,0.315,0.061,-0.671,0.61,-5.24,-71.153,159.752,-23.58,-10.38,-13.053,31.94,0.16901,0.56549,-0.13861,0.7952,205.0,0.829,-0.014,-0.535,0.0,-0.122,0.0,-178.341,-57.233,-12.426,-26.887,-13.753,14.107,31.54,0.03922,0.87326,-0.08813,0.47748,203
52,0.857,-0.156,-0.526,0.0,-0.122,0.0,-163.438,-57.365,-47.862,-27.533,-8.727,7.153,29.14,-0.07739,-0.82135,0.28925,-0.48538,214.0,0.977,-0.033,0.236,0.0,0.61,0.488,-8.251,-76.218,-113.231,-27.767,-9.353,10.853,28.5,-0.39456,0.54523,0.2915,0.67969,212,0.94,-0.03,0.316,0.61,-0.488,0.183,-5.262,-71.164,159.774,-23.58,-10.38,-13.053,31.94,0.16901,0.56549,-0.13861,0.7952,210.0,0.829,-0.014,-0.536,0.061,-0.183,0.0,-178.347,-57.228,-12.426,-26.887,-13.753,14.107,31.54,0.03922,0.87326,-0.08813,0.47748,208
53,0.857,-0.156,-0.526,0.0,-0.061,0.0,-163.438,-57.365,-47.856,-27.533,-8.727,7.153,29.14,-0.07739,-0.82135,0.28925,-0.48538,215.0,0.976,-0.033,0.235,0.122,0.793,0.427,-8.267,-76.201,-113.203,-27.767,-9.353,10.853,28.5,-0.39456,0.54523,0.2915,0.67969,213,0.941,-0.027,0.317,0.427,-0.061,0.305,-5.262,-71.169,159.774,-23.58,-10.38,-13.053,31.94,0.16901,0.56549,-0.13861,0.7952,211.0,0.829,-0.014,-0.535,0.0,-0.122,0.0,-178.347,-57.222,-12.426,-26.887,-13.753,14.107,31.54,0.03922,0.87326,-0.08813,0.47748,209
54,0.857,-0.156,-0.526,0.0,0.0,0.0,-163.438,-57.36,-47.845,-27.533,-8.727,7.153,29.14,-0.07739,-0.82135,0.28925,-0.48538,226.0,0.977,-0.033,0.237,0.183,0.854,0.427,-8.284,-76.185,-113.192,-27.767,-9.353,10.853,28.5,-0.39456,0.54523,0.2915,0.67969,218,0.944,-0.028,0.32,0.061,-0.244,0.61,-5.273,-71.175,159.829,-23.58,-10.38,-13.053,31.94,0.16901,0.56549,-0.13861,0.7952,222.0,0.83,-0.014,-0.536,0.0,-0.122,0.0,-178.347,-57.222,-12.426,-26.887,-13.753,14.107,31.54,0.03922,0.87326,-0.08813,0.47748,216
55,0.858,-0.156,-0.527,0.0,0.122,0.0,-163.438,-57.36,-47.84,-27.533,-8.727,7.153,29.14,-0.07739,-0.82135,0.28925,-0.48538,227.0,0.979,-0.033,0.238,0.244,0.977,0.488,-8.3,-76.168,-113.17,-27.767,-9.353,10.853,28.5,-0.39456,0.54523,0.2915,0.67969,219,0.95,-0.029,0.318,-0.671,-0.488,0.671,-5.312,-71.18,159.901,-23.58,-10.38,-13.053,31.94,0.16901,0.56549,-0.13861,0.7952,223.0,0.83,-0.014,-0.537,0.122,-0.061,0.0,-178.347,-57.217,-12.426,-26.887,-13.753,14.107,31.54,0.03922,0.87326,-0.08813,0.47748,217
56,0.856,-0.156,-0.526,0.0,0.122,0.0,-163.438,-57.365,-47.834,-27.533,-8.727,7.153,29.14,-0.07739,-0.82135,0.28925,-0.48538,234.0,0.982,-0.034,0.238,0.122,0.61,0.427,-8.317,-76.152,-113.137,-27.767,-9.353,10.853,28.5,-0.39456,0.54523,0.2915,0.67969,224,0.946,-0.032,0.315,-0.854,-0.244,0.488,-5.361,-71.186,159.977,-23.58,-10.38,-13.053,31.94,0.16901,0.56549,-0.13861,0.7952,228.0,0.83,-0.014,-0.538,0.122,0.0,0.0,-178.347,-57.217,-12.426,-26.887,-13.753,14.107,31.54,0.03922,0.87326,-0.08813,0.47748,220
57,0.855,-0.157,-0.525,-0.061,0.061,0.0,-163.438,-57.365,-47.823,-27.533,-8.727,7.153,29.14,-0.07739,-0.82135,0.28925,-0.48538,235.0,0.981,-0.035,0.235,0.0,0.183,0.366,-8.339,-76.146,-113.104,-27.767,-9.353,10.853,28.5,-0.39456,0.54523,0.2915,0.67969,225,0.937,-0.031,0.315,-0.488,-0.122,0.183,-5.4,-71.191,160.021,-23.58,-10.38,-13.053,31.94,0.16901,0.56549,-0.13861,0.7952,229.0,0.83,-0.014,-0.538,0.0,0.0,0.0,-178.347,-57.217,-12.426,-26.887,-13.753,14.107,31.54,0.03922,0.87326,-0.08813,0.47748,221
58,0.855,-0.158,-0.526,-0.061,0.122,0.0,-163.438,-57.365,-47.818,-27.533,-8.727,7.153,29.14,-0.07739,-0.82135,0.28925,-0.48538,236.0,0.975,-0.034,0.235,0.0,-0.183,0.305,-8.361,-76.146,-113.071,-27.767,-9.353,10.853,28.5,-0.39456,0.54523,0.2915,0.67969,232,0.937,-0.031,0.318,-0.366,-0.061,0.122,-5.416,-71.191,160.054,-23.58,-10.38,-13.053,31.94,0.16901,0.56549,-0.13861,0.7952,240.0,0.829,-0.015,-0.537,-0.061,0.0,0.0,-178.347,-57.217,-12.426,-26.887,-13.753,14.107,31.54,0.03922,0.87326,-0.08813,0.47748,230
59,0.855,-0.157,-0.525,0.061,0.122,0.0,-163.438,-57.371,-47.812,-27.533,-8.727,7.153,29.14,-0.07739,-0.82135,0.28925,-0.48538,237.0,0.972,-0.035,0.238,0.0,-0.122,0.244,-8.377,-76.152,-113.049,-27.767,-9.353,10.853,28.5,-0.39456,0.54523,0.2915,0.67969,233,0.944,-0.033,0.319,-0.122,-0.122,0.305,-5.433,-71.197,160.065,-23.58,-10.38,-13.053,31.94,0.16901,0.56549,-0.13861,0.7952,241.0,0.829,-0.015,-0.536,0.0,0.061,0.0,-178.352,-57.211,-12.426,-26.887,-13.753,14.107,31.54,0.03922,0.87326,-0.08813,0.47748,231
60,0.856,-0.158,-0.526,0.122,0.061,0.0,-163.433,-57.371,-47.807,-27.533,-8.727,7.153,29.14,-0.07739,-0.82135,0.28925,-0.48538,246.0,0.975,-0.036,0.241,0.244,0.305,0.244,-8.388,-76.146,-113.044,-27.767,-9.353,10.853,28.5,-0.39456,0.54523,0.2915,0.67969,242,0.944,-0.033,0.318,-0.366,-0.122,0.244,-5.455,-71.197,160.12,-23.58,-10.38,-13.053,31.94,0.16901,0.56549,-0.13861,0.7952,244.0,0.829,-0.016,-0.535,0.122,0.122,0.0,-178.352,-57.211,-12.426,-26.887,-13.753,14.107,31.54,0.03922,0.87326,-0.08813,0.47748,238
61,0.856,-0.157,-0.525,0.061,0.0,0.0,-163.433,-57.371,-47.802,-27.533,-8.727,7.153,29.14,-0.07739,-0.82135,0.28925,-0.48538,247.0,0.978,-0.036,0.239,0.305,0.549,0.183,-8.388,-76.135,-113.038,-27.767,-9.353,10.853,28.5,-0.39456,0.54523,0.2915,0.67969,243,0.938,-0.032,0.316,-0.427,0.183,0.0,-5.477,-71.197,160.175,-23.58,-10.38,-13.053,31.94,0.16901,0.56549,-0.13861,0.7952,245.0,0.83,-0.016,-0.535,0.183,0.122,0.0,-178.347,-57.217,-12.426,-26.887,-13.753,14.107,31.54,0.03922,0.87326,-0.08813,0.47748,239
62,0.856,-0.157,-0.525,0.0,-0.061,0.0,-163.433,-57.371,-47.791,-27.68,-8.533,5.733,29.14,-0.07739,-0.82135,0.28925,-0.48538,254.0,0.975,-0.035,0.238,0.122,0.244,0.061,-8.388,-76.13,-113.038,-27.767,-9.353,10.853,28.5,-0.39456,0.54523,0.2915,0.67969,252,0.936,-0.031,0.318,-0.061,0.305,-0.061,-5.482,-71.197,160.214,-23.58,-10.38,-13.053,31.94,0.16901,0.56549,-0.13861,0.7952,250.0,0.829,-0.016,-0.535,0.122,0.061,0.0,-178.347,-57.217,-12.426,-26.633,-13.513,14.253,31.54,0.03922,0.87326,-0.08813,0.47748,248
63,0.856,-0.157,-0.525,0.0,0.0,0.0,-163.433,-57.371,-47.785,-27.68,-8.533,5.733,29.14,-0.07739,-0.82135,0.28925,-0.48538,255.0,0.971,-0.034,0.239,0.122,0.122,0.061,-8.388,-76.124,-113.038,-27.767,-9.353,10.853,28.5,-0.39456,0.54523,0.2915,0.67969,253,0.941,-0.03,0.319,-0.183,0.305,0.061,-5.482,-71.191,160.23,-23.58,-10.38,-13.053,31.94,0.16901,0.56549,-0.13861,0.7952,251.0,0.829,-0.015,-0.534,0.0,0.061,0.0,-178.347,-57.217,-12.426,-26.633,-13.513,14.253,31.54,0.03922,0.87326,-0.08813,0.47748,249
64,0.857,-0.158,-0.525,0.0,-0.061,0.0,-163.427,-57.371,-47.78,-27.68,-8.533,5.733,29.14,-0.07739,-0.82135,0.28925,-0.48538,262.0,0.975,-0.036,0.241,0.183,0.427,0.061,-8.383,-76.119,-113.055,-28.14,-8.973,9.48,28.5,-0.39456,0.54523,0.2915,0.67969,258,0.943,-0.032,0.32,0.0,0.183,0.427,-5.493,-71.186,160.236,-23.84,-10.24,-12.9,31.94,0.16901,0.56549,-0.13861,0.7952,260.0,0.83,-0.015,-0.534,0.0,0.061,0.0,-178.347,-57.217,-12.426,-26.633,-13.513,14.253,31.54,0.03922,0.87335,-0.08813,0.47733,256
65,0.857,-0.157,-0.526,0.0,-0.061,0.0,-163.427,-57.371,-47.769,-27.68,-8.533,5.733,29.14,-0.07739,-0.82135,0.28925,-0.48538,263.0,0.977,-0.035,0.241,0.427,0.732,0.183,-8.377,-76.102,-113.044,-28.14,-8.973,9.48,28.5,-0.39456,0.54523,0.2915,0.67969,259,0.943,-0.033,0.318,-0.061,0.122,0.183,-5.515,-71.18,160.28,-23.84,-10.24,-12.9,31.94,0.16901,0.56549,-0.13861,0.7952,261.0,0.83,-0.016,-0.535,-0.061,0.0,0.0,-178.347,-57.217,-12.426,-26.633,-13.513,14.253,31.54,0.03922,0.87335,-0.08813,0.47733,257
66,0.856,-0.156,-0.524,0.0,0.0,0.0,-163.427,-57.365,-47.763,-27.68,-8.533,5.733,29.14,-0.07675,-0.82172,0.28827,-0.48547,268.0,0.977,-0.036,0.24,0.488,0.488,0.183,-8.377,-76.091,-113.033,-28.14,-8.973,9.48,28.5,-0.39456,0.54523,0.2915,0.67969,266,0.943,-0.03,0.318,-0.366,0.183,-0.244,-5.521,-71.18,160.323,-23.84,-10.24,-12.9,31.94,0.16638,0.56604,-0.13791,0.79547,272.0,0.829,-0.016,-0.536,0.0,0.0,0.0,-178.347,-57.217,-12.426,-26.633,-13.513,14.253,31.54,0.03922,0.87335,-0.08813,0.47733,264
67,0.855,-0.156,-0.525,0.0,0.0,0.0,-163.427,-57.365,-47.758,-27.68,-8.533,5.733,29.14,-0.07675,-0.82172,0.28827,-0.48547,269.0,0.978,-0.034,0.239,0.244,0.305,0.0,-8.366,-76.086,-113.033,-28.14,-8.973,9.48,28.5,-0.39456,0.54523,0.2915,0.67969,267,0.935,-0.031,0.319,-0.366,0.305,-0.366,-5.515,-71.175,160.345,-23.84,-10.24,-12.9,31.94,0.16638,0.56604,-0.13791,0.79547,273.0,0.83,-0.014,-0.535,0.0,0.0,0.0,-178.347,-57.217,-12.426,-26.633,-13.513,14.253,31.54,0.03922,0.87335,-0.08813,0.47733,265
68,0.856,-0.156,-0.525,-0.061,0.0,0.0,-163.427,-57.365,-47.752,-27.68,-8.533,5.733,29.14,-0.07675,-0.82172,0.28827,-0.48547,280.0,0.974,-0.034,0.24,0.061,0.183,-0.122,-8.35,-76.08,-113.044,-28.14,-8.973,9.48,28.5,-0.39581,0.54428,0.29114,0.67987,274,0.941,-0.031,0.318,-0.366,0.0,-0.122,-5.504,-71.175,160.362,-23.84,-10.24,-12.9,31.94,0.16638,0.56604,-0.13791,0.79547,276.0,0.829,-0.014,-0.535,0.122,0.0,0.0,-178.347,-57.211,-12.426,-26.633,-13.513,14.253,31.54,0.03922,0.87335,-0.08813,0.47733,270
69,0.858,-0.157,-0.526,-0.183,0.122,0.0,-163.427,-57.365,-47.741,-27.68,-8.533,5.733,29.14,-0.07675,-0.82172,0.28827,-0.48547,281.0,0.973,-0.036,0.241,0.122,0.0,-0.061,-8.344,-76.08,-113.055,-28.14,-8.973,9.48,28.5,-0.39581,0.54428,0.29114,0.67987,275,0.948,-0.03,0.318,-0.488,-0.122,0.0,-5.51,-71.175,160.378,-23.84,-10.24,-12.9,31.94,0.16638,0.56604,-0.13791,0.79547,277.0,0.83,-0.016,-0.536,0.183,0.0,0.0,-178.341,-57.211,-12.426,-26.633,-13.513,14.253,31.54,0.03922,0.87335,-0.08813,0.47733,271
70,0.857,-0.156,-0.527,-0.183,0.061,0.0,-163.427,-57.371,-47.736,-27.68,-8.533,5.733,29.14,-0.07675,-0.82172,0.28827,-0.48547,286.0,0.979,-0.034,0.241,0.183,0.427,-0.061,-8.328,-76.075,-113.066,-28.14,-8.973,9.48,28.5,-0.39581,0.54428,0.29114,0.67987,278,0.941,-0.032,0.319,0.0,0.244,-0.488,-5.51,-71.175,160.406,-23.84,-10.24,-12.9,31.94,0.16638,0.56604,-0.13791,0.79547,284.0,0.83,-0.015,-0.536,-0.061,0.061,0.0,-178.341,-57.211,-12.426,-26.633,-13.513,14.253,31.54,0.03922,0.87335,-0.08813,0.47733,282
71,0.856,-0.156,-0.528,-0.061,0.0,0.0,-163.433,-57.371,-47.73,-27.68,-8.533,5.733,29.14,-0.07675,-0.82172,0.28827,-0.48547,287.0,0.979,-0.032,0.24,0.061,0.366,-0.244,-8.3,-76.064,-113.099,-28.14,-8.973,9.48,28.5,-0.39581,0.54428,0.29114,0.67987,279,0.936,-0.03,0.319,0.183,0.549,-0.793,-5.477,-71.169,160.395,-23.84,-10.24,-12.9,31.94,0.16638,0.56604,-0.13791,0.79547,285.0,0.829,-0.013,-0.536,-0.061,0.122,0.0,-178.341,-57.211,-12.426,-26.633,-13.513,14.253,31.54,0.03922,0.87335,-0.08813,0.47733,283
72,0.856,-0.157,-0.527,0.0,0.0,0.0,-163.433,-57.371,-47.725,-27.68,-8.533,5.733,29.14,-0.07675,-0.82172,0.28827,-0.48547,298.0,0.973,-0.034,0.24,-0.061,-0.305,-0.366,-8.278,-76.075,-113.121,-28.14,-8.973,9.48,28.5,-0.39581,0.54428,0.29114,0.67987,290,0.941,-0.027,0.319,0.305,0.488,-0.305,-5.433,-71.164,160.378,-23.84,-10.24,-12.9,31.94,0.16638,0.56604,-0.13791,0.79547,294.0,0.83,-0.014,-0.535,0.0,0.061,0.0,-178.341,-57.217,-12.426,-26.633,-13.513,14.253,31.54,0.03922,0.87335,-0.08813,0.47733,288
73,0.855,-0.157,-0.526,0.0,0.0,0.0,-163.433,-57.371,-47.719,-27.68,-8.533,5.733,29.14,-0.07675,-0.82172,0.28827,-0.48547,299.0,0.974,-0.034,0.241,0.0,-0.305,-0.305,-8.256,-76.08,-113.143,-28.14,-8.973,9.48,28.5,-0.39581,0.54428,0.29114,0.67987,291,0.939,-0.028,0.321,0.0,0.122,-0.183,-5.411,-71.153,160.362,-23.84,-10.24,-12.9,31.94,0.16638,0.56604,-0.13791,0.79547,295.0,0.83,-0.015,-0.536,-0.122,0.0,0.0,-178.347,-57.217,-12.426,-26.633,-13.513,14.253,31.54,0.03922,0.87335,-0.08813,0.47733,289
74,0.856,-0.156,-0.526,-0.122,0.061,0.0,-163.433,-57.371,-47.714,-27.68,-8.533,5.733,29.14,-0.07675,-0.82172,0.28827,-0.48547,306.0,0.976,-0.032,0.24,0.061,0.122,-0.061,-8.245,-76.075,-113.137,-28.14,-8.973,9.48,28.5,-0.39581,0.54428,0.29114,0.67987,296,0.936,-0.028,0.321,-0.366,0.061,-0.427,-5.394,-71.153,160.362,-23.84,-10.24,-12.9,31.94,0.16638,0.56604,-0.13791,0.79547,300.0,0.829,-0.015,-0.537,-0.183,0.0,0.0,-178.352,-57.211,-12.426,-26.633,-13.513,14.253,31.54,0.03922,0.87335,-0.08813,0.47733,292
75,0.856,-0.155,-0.526,0.0,0.0,0.0,-163.433,-57.371,-47.708,-27.68,-8.533,5.733,29.14,-0.07675,-0.82172,0.28827,-0.48547,307.0,0.974,-0.032,0.242,-0.122,-0.183,-0.061,-8.24,-76.08,-113.126,-28.14,-8.973,9.48,28.5,-0.39581,0.54428,0.29114,0.67987,297,0.935,-0.029,0.32,0.061,0.061,-0.244,-5.378,-71.153,160.395,-23.84,-10.24,-12.9,31.94,0.16638,0.56604,-0.13791,0.79547,301.0,0.829,-0.014,-0.535,-0.122,0.0,0.0,-178.352,-57.211,-12.426,-26.633,-13.513,14.253,31.54,0.03922,0.87335,-0.08813,0.47733,293
76,0.856,-0.156,-0.525,0.122,-0.061,0.0,-163.433,-57.371,-47.703,-27.68,-8.533,5.733,29.14,-0.07675,-0.82172,0.28827,-0.48547,312.0,0.97,-0.032,0.242,0.0,-0.305,-0.122,-8.229,-76.086,-113.132,-28.14,-8.973,9.48,28.5,-0.39581,0.54428,0.29114,0.67987,304,0.939,-0.028,0.321,-0.061,-0.122,-0.061,-5.367,-71.153,160.422,-23.84,-10.24,-12.9,31.94,0.16638,0.56604,-0.13791,0.79547,308.0,0.829,-0.014,-0.535,0.0,0.061,0.0,-178.358,-57.211,-12.426,-26.633,-13.513,14.253,31.54,0.03922,0.87335,-0.08813,0.47733,302
77,0.857,-0.157,-0.525,0.0,-0.122,0.0,-163.433,-57.365,-47.692,-27.68,-8.533,5.733,29.14,-0.07675,-0.82172,0.28827,-0.48547,313.0,0.973,-0.033,0.244,0.122,-0.122,-0.122,-8.212,-76.086,-113.137,-28.14,-8.973,9.48,28.5,-0.39581,0.54428,0.29114,0.67987,305,0.943,-0.029,0.319,-0.305,-0.122,0.0,-5.361,-71.153,160.45,-23.84,-10.24,-12.9,31.94,0.16638,0.56604,-0.13791,0.79547,309.0,0.83,-0.014,-0.534,0.122,0.0,0.0,-178.358,-57.211,-12.426,-26.633,-13.513,14.253,31.54,0.03922,0.87335,-0.08813,0.47733,303
78,0.856,-0.157,-0.525,0.0,-0.122,0.0,-163.433,-57.365,-47.686,-27.68,-8.533,5.733,29.14,-0.07675,-0.82172,0.28827,-0.48547,318.0,0.976,-0.033,0.241,0.0,0.061,-0.122,-8.201,-76.08,-113.148,-28.14,-8.973,9.48,28.5,-0.39581,0.54428,0.29114,0.67987,310,0.942,-0.028,0.317,-0.427,-0.122,0.0,-5.367,-71.158,160.477,-23.527,-9.853,-12.587,31.94,0.16638,0.56604,-0.13791,0.79547,316.0,0.83,-0.015,-0.533,0.061,0.0,0.0,-178.352,-57.211,-12.426,-26.633,-13.513,14.253,31.54,0.03922,0.87335,-0.08813,0.47733,314
79,0.855,-0.156,-0.525,0.061,-0.122,0.0,-163.433,-57.36,-47.681,-27.68,-8.533,5.733,29.14,-0.07675,-0.82172,0.28827,-0.48547,319.0,0.976,-0.033,0.24,0.0,0.122,0.0,-8.196,-76.08,-113.148,-28.14,-8.973,9.48,28.5,-0.39581,0.54428,0.29114,0.67987,311,0.942,-0.028,0.316,-0.305,0.0,-0.183,-5.372,-71.158,160.505,-23.527,-9.853,-12.587,31.94,0.16638,0.56604,-0.13791,0.79547,317.0,0.83,-0.015,-0.535,0.0,0.0,0.0,-178.358,-57.211,-12.426,-26.633,-13.513,14.253,31.54,0.03922,0.87335,-0.08813,0.47733,315
80,0.856,-0.156,-0.525,0.061,-0.122,0.0,-163.433,-57.36,-47.675,-27.68,-8.533,5.733,29.14,-0.07675,-0.82172,0.28827,-0.48547,326.0,0.976,-0.031,0.239,-0.061,0.122,0.061,-8.196,-76.075,-113.148,-28.14,-8.973,9.48,28.5,-0.39581,0.54428,0.29114,0.67987,324,0.938,-0.031,0.316,0.488,0.244,-0.061,-5.361,-71.158,160.516,-23.527,-9.853,-12.587,31.94,0.16638,0.56604,-0.13791,0.79547,322.0,0.83,-0.014,-0.534,0.061,0.0,0.0,-178.358,-57.211,-12.426,-27.093,-13.567,14.067,31.54,0.03922,0.87335,-0.08813,0.47733,320
81,0.856,-0.157,-0.525,0.0,0.0,0.0,-163.433,-57.36,-47.664,-27.68,-8.533,5.733,29.14,-0.07675,-0.82172,0.28827,-0.48547,327.0,0.976,-0.033,0.238,0.0,0.244,0.122,-8.196,-76.069,-113.143,-28.14,-8.973,9.48,28.5,-0.39581,0.54428,0.29114,0.67987,325,0.938,-0.031,0.322,0.793,0.183,0.061,-5.35,-71.153,160.543,-23.527,-9.853,-12.587,31.94,0.16638,0.56604,-0.13791,0.79547,323.0,0.829,-0.014,-0.534,0.061,0.0,0.0,-178.358,-57.211,-12.426,-27.093,-13.567,14.067,31.54,0.03922,0.87335,-0.08813,0.47733,321
82,0.857,-0.156,-0.527,0.0,0.0,0.0,-163.433,-57.36,-47.659,-27.473,-8.393,6.327,29.14,-0.07675,-0.82172,0.28827,-0.48547,338.0,0.975,-0.034,0.241,0.305,0.305,0.061,-8.185,-76.064,-113.148,-27.927,-9.4,10.433,28.5,-0.39581,0.54428,0.29114,0.67987,328,0.942,-0.03,0.32,0.122,0.0,0.366,-5.345,-71.153,160.576,-23.527,-9.853,-12.587,31.94,0.16418,0.56635,-0.13574,0.79608,332.0,0.829,-0.014,-0.535,0.061,0.0,0.0,-178.358,-57.211,-12.426,-27.093,-13.567,14.067,31.54,0.03922,0.87335,-0.08813,0.47733,330
83,0.858,-0.156,-0.527,0.0,0.0,0.0,-163.433,-57.36,-47.653,-27.473,-8.393,6.327,29.14,-0.07675,-0.82172,0.28827,-0.48547,339.0,0.975,-0.035,0.241,0.366,0.122,0.0,-8.174,-76.058,-113.154,-27.927,-9.4,10.433,28.5,-0.39581,0.54428,0.29114,0.67987,329,0.946,-0.026,0.319,-0.61,-0.305,0.061,-5.361,-71.153,160.604,-23.527,-9.853,-12.587,31.94,0.16418,0.56635,-0.13574,0.79608,333.0,0.829,-0.015,-0.536,0.0,0.0,0.0,-178.358,-57.211,-12.426,-27.093,-13.567,14.067,31.54,0.03922,0.87335,-0.08813,0.47733,331
84,0.856,-0.156,-0.526,0.061,0.0,0.0,-163.433,-57.36,-47.648,-27.473,-8.393,6.327,29.14,-0.07623,-0.82205,0.28745,-0.48547,344.0,0.979,-0.032,0.242,0.183,0.061,0.0,-8.168,-76.058,-113.165,-27.927,-9.4,10.433,28.5,-0.39581,0.54428,0.29114,0.67987,336,0.938,-0.029,0.318,-0.549,-0.183,0.0,-5.378,-71.158,160.62,-23.527,-9.853,-12.587,31.94,0.16418,0.56635,-0.13574,0.79608,340.0,0.83,-0.014,-0.536,0.122,0.0,0.0,-178.358,-57.206,-12.426,-27.093,-13.567,14.067,31.54,0.03931,0.87338,-0.08817,0.47726,334
85,0.856,-0.156,-0.525,0.122,0.0,0.0,-163.433,-57.36,-47.642,-27.473,-8.393,6.327,29.14,-0.07623,-0.82205,0.28745,-0.48547,345.0,0.976,-0.031,0.24,0.0,0.0,0.0,-8.163,-76.058,-113.176,-27.927,-9.4,10.433,28.5,-0.39581,0.54428,0.29114,0.67987,337,0.941,-0.027,0.318,0.0,-0.061,0.305,-5.389,-71.158,160.62,-23.527,-9.853,-12.587,31.94,0.16418,0.56635,-0.13574,0.79608,341.0,0.83,-0.014,-0.536,0.305,0.061,0.0,-178.352,-57.206,-12.426,-27.093,-13.567,14.067,31.54,0.03931,0.87338,-0.08817,0.47726,335
86,0.856,-0.157,-0.525,0.0,0.0,0.0,-163.433,-57.36,-47.637,-27.473,-8.393,6.327,29.14,-0.07623,-0.82205,0.28745,-0.48547,352.0,0.973,-0.032,0.24,0.061,-0.366,0.122,-8.168,-76.064,-113.181,-27.927,-9.4,10.433,28.5,-0.39597,0.54382,0.2915,0.67996,342,0.944,-0.028,0.318,0.122,-0.122,0.488,-5.405,-71.164,160.642,-23.527,-9.853,-12.587,31.94,0.16418,0.56635,-0.13574,0.79608,348.0,0.829,-0.014,-0.536,0.305,0.0,0.0,-178.347,-57.206,-12.426,-27.093,-13.567,14.067,31.54,0.03931,0.87338,-0.08817,0.47726,346
87,0.855,-0.156,-0.526,-0.061,0.061,0.0,-163.433,-57.36,-47.631,-27.473,-8.393,6.327,29.14,-0.07623,-0.82205,0.28745,-0.48547,353.0,0.977,-0.032,0.24,0.061,-0.244,0.244,-8.185,-76.064,-113.181,-27.927,-9.4,10.433,28.5,-0.39597,0.54382,0.2915,0.67996,343,0.939,-0.03,0.317,0.0,0.0,0.0,-5.422,-71.164,160.664,-23.527,-9.853,-12.587,31.94,0.16418,0.56635,-0.13574,0.79608,349.0,0.83,-0.014,-0.536,0.183,0.0,0.0,-178.347,-57.206,-12.426,-27.093,-13.567,14.067,31.54,0.03931,0.87338,-0.08817,0.47726,347
88,0.855,-0.156,-0.526,0.0,0.0,0.0,-163.433,-57.36,-47.631,-27.473,-8.393,6.327,29.14,-0.07623,-0.82205,0.28745,-0.48547,358.0,0.973,-0.033,0.239,0.0,0.0,0.305,-8.201,-76.064,-113.17,-27.927,-9.4,10.433,28.5,-0.39597,0.54382,0.2915,0.67996,354,0.934,-0.03,0.318,0.183,0.244,-0.244,-5.416,-71.164,160.648,-23.527,-9.853,-12.587,31.94,0.16418,0.56635,-0.13574,0.79608,356.0,0.83,-0.014,-0.536,0.122,0.0,0.0,-178.341,-57.206,-12.42,-27.093,-13.567,14.067,31.54,0.03931,0.87338,-0.08817,0.47726,350
89,0.856,-0.156,-0.526,0.0,-0.061,0.0,-163.433,-57.36,-47.626,-27.473,-8.393,6.327,29.14,-0.07623,-0.82205,0.28745,-0.48547,359.0,0.973,-0.033,0.242,0.0,0.0,0.183,-8.218,-76.064,-113.159,-27.927,-9.4,10.433,28.5,-0.39597,0.54382,0.2915,0.67996,355,0.939,-0.029,0.32,0.122,0.0,0.0,-5.394,-71.158,160.653,-23.527,-9.853,-12.587,31.94,0.16418,0.56635,-0.13574,0.79608,357.0,0.829,-0.014,-0.536,0.061,0.061,0.0,-178.341,-57.206,-12.42,-27.093,-13.567,14.067,31.54,0.03931,0.87338,-0.08817,0.47726,351
90,0.857,-0.157,-0.527,0.0,-0.061,0.0,-163.433,-57.354,-47.62,-27.473,-8.393,6.327,29.14,-0.07623,-0.82205,0.28745,-0.48547,366.0,0.976,-0.034,0.243,0.061,0.183,0.183,-8.223,-76.064,-113.159,-27.927,-9.4,10.433,28.5,-0.39597,0.54382,0.2915,0.67996,362,0.944,-0.031,0.32,0.061,-0.122,0.305,-5.4,-71.164,160.664,-23.527,-9.853,-12.587,31.94,0.16418,0.56635,-0.13574,0.79608,364.0,0.829,-0.014,-0.535,0.061,0.061,0.0,-178.341,-57.206,-12.42,-27.093,-13.567,14.067,31.54,0.03931,0.87338,-0.08817,0.47726,360
91,0.856,-0.157,-0.527,0.0,-0.061,0.0,-163.433,-57.354,-47.609,-27.473,-8.393,6.327,29.14,-0.07623,-0.82205,0.28745,-0.48547,367.0,0.978,-0.033,0.241,0.122,0.183,0.122,-8.229,-76.058,-113.159,-27.927,-9.4,10.433,28.5,-0.39597,0.54382,0.2915,0.67996,363,0.944,-0.03,0.318,-0.183,-0.122,0.122,-5.411,-71.164,160.681,-23.527,-9.853,-12.587,31.94,0.16418,0.56635,-0.13574,0.79608,365.0,0.829,-0.014,-0.535,0.061,0.061,0.0,-178.341,-57.206,-12.42,-27.093,-13.567,14.067,31.54,0.03931,0.87338,-0.08817,0.47726,361
92,0.856,-0.157,-0.527,0.0,-0.061,0.0,-163.433,-57.354,-47.604,-27.473,-8.393,6.327,29.14,-0.07623,-0.82205,0.28745,-0.48547,378.0,0.977,-0.034,0.239,-0.061,-0.061,0.061,-8.229,-76.053,-113.154,-27.927,-9.4,10.433,28.5,-0.39597,0.54382,0.2915,0.67996,370,0.941,-0.031,0.316,-0.305,0.0,-0.244,-5.416,-71.164,160.686,-23.527,-9.853,-12.587,31.94,0.16418,0.56635,-0.13574,0.79608,374.0,0.83,-0.014,-0.536,0.061,0.0,0.0,-178.347,-57.206,-12.42,-27.093,-13.567,14.067,31.54,0.03931,0.87338,-0.08817,0.47726,368
93,0.856,-0.157,-0.526,0.0,-0.061,0.0,-163.433,-57.349,-47.598,-27.473,-8.393,6.327,29.14,-0.07623,-0.82205,0.28745,-0.48547,379.0,0.974,-0.034,0.239,-0.183,-0.183,0.0,-8.229,-76.053,-113.143,-27.927,-9.4,10.433,28.5,-0.39597,0.54382,0.2915,0.67996,371,0.936,-0.03,0.317,-0.183,0.122,-0.244,-5.405,-71.169,160.637,-23.527,-9.853,-12.587,31.94,0.16418,0.56635,-0.13574,0.79608,375.0,0.829,-0.015,-0.536,0.061,0.0,0.0,-178.347,-57.206,-12.42,-27.093,-13.567,14.067,31.54,0.03931,0.87338,-0.08817,0.47726,369
94,0.855,-0.158,-0.526,0.0,0.0,0.0,-163.433,-57.349,-47.593,-27.473,-8.393,6.327,29.14,-0.07623,-0.82205,0.28745,-0.48547,382.0,0.976,-0.035,0.24,0.0,0.0,0.122,-8.234,-76.058,-113.126,-27.927,-9.4,10.433,28.5,-0.39597,0.54382,0.2915,0.67996,376,0.943,-0.031,0.319,0.061,-0.061,0.183,-5.4,-71.164,160.604,-23.693,-10.38,-14.333,31.94,0.16418,0.56635,-0.13574,0.79608,380.0,0.829,-0.015,-0.537,0.061,0.0,0.0,-178.347,-57.206,-12.42,-27.093,-13.567,14.067,31.54,0.03931,0.87338,-0.08817,0.47726,372
95,0.856,-0.157,-0.526,0.0,0.122,0.0,-163.433,-57.349,-47.593,-27.473,-8.393,6.327,29.14,-0.07623,-0.82205,0.28745,-0.48547,383.0,0.979,-0.036,0.241,0.305,0.183,0.122,-8.234,-76.058,-113.104,-27.927,-9.4,10.433,28.5,-0.39597,0.54382,0.2915,0.67996,377,0.945,-0.032,0.317,0.061,0.0,0.366,-5.416,-71.169,160.609,-23.693,-10.38,-14.333,31.94,0.16418,0.56635,-0.13574,0.79608,381.0,0.83,-0.015,-0.536,0.0,0.0,0.0,-178.347,-57.206,-12.42,-27.093,-13.567,14.067,31.54,0.03931,0.87338,-0.08817,0.47726,373
96,0.856,-0.157,-0.526,0.0,0.122,0.0,-163.427,-57.354,-47.587,-27.473,-8.393,6.327,29.14,-0.07623,-0.82205,0.28745,-0.48547,388.0,0.975,-0.035,0.238,0.183,0.0,0.061,-8.234,-76.053,-113.082,-27.927,-9.4,10.433,28.5,-0.39597,0.54382,0.2915,0.67996,386,0.937,-0.031,0.317,-0.122,0.0,-0.061,-5.433,-71.169,160.615,-23.693,-10.38,-14.333,31.94,0.16391,0.56644,-0.13583,0.79605,392.0,0.829,-0.016,-0.536,0.0,0.061,0.0,-178.347,-57.206,-12.42,-27.093,-13.567,14.067,31.54,0.03931,0.87338,-0.08817,0.47726,384
97,0.856,-0.156,-0.526,-0.061,0.061,0.0,-163.427,-57.354,-47.582,-27.473,-8.393,6.327,29.14,-0.07623,-0.82205,0.28745,-0.48547,389.0,0.973,-0.033,0.241,-0.061,-0.183,0.122,-8.24,-76.053,-113.066,-27.927,-9.4,10.433,28.5,-0.39597,0.54382,0.2915,0.67996,387,0.939,-0.028,0.32,-0.549,0.0,-0.122,-5.433,-71.169,160.615,-23.693,-10.38,-14.333,31.94,0.16391,0.56644,-0.13583,0.79605,393.0,0.829,-0.016,-0.536,0.122,0.061,0.0,-178.347,-57.206,-12.42,-27.093,-13.567,14.067,31.54,0.03931,0.87338,-0.08817,0.47726,385
98,0.856,-0.157,-0.525,0.0,0.0,0.0,-163.427,-57.354,-47.582,-27.473,-8.393,6.327,29.14,-0.07623,-0.82205,0.28745,-0.48547,398.0,0.976,-0.033,0.243,-0.061,0.0,0.183,-8.251,-76.053,-113.038,-27.927,-9.4,10.433,28.5,-0.39597,0.54382,0.2915,0.67996,396,0.942,-0.03,0.319,-0.61,0.0,0.305,-5.444,-71.169,160.576,-23.693,-10.38,-14.333,31.94,0.16391,0.56644,-0.13583,0.79605,394.0,0.829,-0.016,-0.536,0.122,0.122,0.0,-178.341,-57.206,-12.42,-26.9,-13.573,13.707,31.54,0.03931,0.87338,-0.08817,0.47726,390
99,0.856,-0.157,-0.525,-0.061,0.0,0.0,-163.427,-57.354,-47.576,-27.473,-8.393,6.327,29.14,-0.07623,-0.82205,0.28745,-0.48547,399.0,0.974,-0.035,0.24,0.061,0.0,0.305,-8.262,-76.053,-113.011,-27.927,-9.4,10.433,28.5,-0.39597,0.54382,0.2915,0.67996,397,0.937,-0.032,0.32,-0.122,0.0,0.488,-5.471,-71.169,160.554,-23.693,-10.38,-14.333,31.94,0.16391,0.56644,-0.13583,0.79605,395.0,0.83,-0.015,-0.535,0.061,0.122,0.0,-178.341,-57.206,-12.42,-26.9,-13.573,13.707,31.54,0.03931,0.87338,-0.08817,0.47726,391
100,0.856,-0.156,-0.526,0.0,0.0,0.0,-163.427,-57.354,-47.571,-27.313,-8.287,6.28,29.14,-0.07623,-0.82205,0.28745,-0.48547,410.0,0.973,-0.035,0.242,0.183,-0.122,0.305,-8.284,-76.053,-112.972,-27.813,-8.933,9.8,28.5,-0.39597,0.54382,0.2915,0.67996,402,0.943,-0.033,0.32,0.0,-0.061,0.244,-5.499,-71.169,160.565,-23.693,-10.38,-14.333,31.94,0.16391,0.56644,-0.13583,0.79605,406.0,0.83,-0.015,-0.535,0.061,0.061,0.0,-178.341,-57.206,-12.42,-26.9,-13.573,13.707,31.54,0.03931,0.87338,-0.08817,0.47726,400
101,0.855,-0.156,-0.525,0.0,0.0,0.0,-163.427,-57.354,-47.565,-27.313,-8.287,6.28,29.14,-0.07623,-0.82205,0.28745,-0.48547,411.0,0.978,-0.035,0.242,0.183,0.0,0.061,-8.3,-76.053,-112.939,-27.813,-8.933,9.8,28.5,-0.39597,0.54382,0.2915,0.67996,403,0.944,-0.034,0.319,0.061,-0.122,0.0,-5.51,-71.169,160.543,-23.693,-10.38,-14.333,31.94,0.16391,0.56644,-0.13583,0.79605,407.0,0.829,-0.015,-0.534,0.122,0.061,0.0,-178.341,-57.206,-12.42,-26.9,-13.573,13.707,31.54,0.03931,0.87338,-0.08817,0.47726,401
102,0.856,-0.155,-0.525,-0.061,-0.183,0.0,-163.427,-57.349,-47.56,-27.313,-8.287,6.28,29.14,-0.07581,-0.8223,0.2868,-0.48547,418.0,0.976,-0.034,0.24,0.183,0.0,-0.061,-8.295,-76.053,-112.928,-27.813,-8.933,9.8,28.5,-0.39597,0.54382,0.2915,0.67996,408,0.937,-0.032,0.32,0.183,-0.305,-0.305,-5.504,-71.175,160.505,-23.693,-10.38,-14.333,31.94,0.16391,0.56644,-0.13583,0.79605,412.0,0.83,-0.015,-0.534,0.122,0.0,0.0,-178.336,-57.206,-12.42,-26.9,-13.573,13.707,31.54,0.03915,0.87341,-0.08807,0.47726,404
103,0.857,-0.156,-0.525,-0.061,-0.183,0.0,-163.433,-57.349,-47.554,-27.313,-8.287,6.28,29.14,-0.07581,-0.8223,0.2868,-0.48547,419.0,0.971,-0.033,0.243,0.0,-0.488,-0.244,-8.284,-76.053,-112.923,-27.813,-8.933,9.8,28.5,-0.39597,0.54382,0.2915,0.67996,409,0.934,-0.03,0.322,0.061,-0.122,-0.549,-5.488,-71.18,160.444,-23.693,-10.38,-14.333,31.94,0.16391,0.56644,-0.13583,0.79605,413.0,0.83,-0.014,-0.535,0.0,0.0,0.0,-178.336,-57.206,-12.42,-26.9,-13.573,13.707,31.54,0.03915,0.87341,-0.08807,0.47726,405
104,0.856,-0.157,-0.526,-0.061,-0.122,0.0,-163.433,-57.343,-47.549,-27.313,-8.287,6.28,29.14,-0.07581,-0.8223,0.2868,-0.48547,426.0,0.973,-0.033,0.244,-0.061,-0.61,-0.305,-8.267,-76.064,-112.928,-27.813,-8.933,9.8,28.5,-0.39694,0.54358,0.29202,0.67938,416,0.942,-0.027,0.322,-0.305,-0.732,-0.366,-5.46,-71.186,160.378,-23.693,-10.38,-14.333,31.94,0.16391,0.56644,-0.13583,0.79605,420.0,0.83,-0.014,-0.534,0.0,0.0,0.0,-178.336,-57.206,-12.42,-26.9,-13.573,13.707,31.54,0.03915,0.87341,-0.08807,0.47726,414
105,0.855,-0.157,-0.526,-0.061,-0.244,0.0,-163.438,-57.343,-47.543,-27.313,-8.287,6.28,29.14,-0.07581,-0.8223,0.2868,-0.48547,427.0,0.979,-0.032,0.242,-0.183,-0.305,-0.244,-8.251,-76.075,-112.934,-27.813,-8.933,9.8,28.5,-0.39694,0.54358,0.29202,0.67938,417,0.947,-0.029,0.319,-0.732,-0.61,-0.305,-5.455,-71.197,160.323,-23.693,-10.38,-14.333,31.94,0.16391,0.56644,-0.13583,0.79605,421.0,0.83,-0.014,-0.534,0.0,0.061,0.0,-178.336,-57.206,-12.42,-26.9,-13.573,13.707,31.54,0.03915,0.87341,-0.08807,0.47726,415
106,0.855,-0.157,-0.527,-0.061,-0.244,0.0,-163.438,-57.338,-47.532,-27.313,-8.287,6.28,29.14,-0.07581,-0.8223,0.2868,-0.48547,432.0,0.981,-0.032,0.24,-0.244,-0.488,-0.183,-8.234,-76.08,-112.939,-27.813,-8.933,9.8,28.5,-0.39694,0.54358,0.29202,0.67938,422,0.948,-0.028,0.314,-0.671,-0.488,-0.366,-5.449,-71.208,160.274,-23.693,-10.38,-14.333,31.94,0.16391,0.56644,-0.13583,0.79605,428.0,0.83,-0.014,-0.534,0.0,0.0,0.0,-178.341,-57.206,-12.42,-26.9,-13.573,13.707,31.54,0.03915,0.87341,-0.08807,0.47726,424
107,0.854,-0.156,-0.525,-0.122,-0.183,0.0,-163.444,-57.332,-47.527,-27.313,-8.287,6.28,29.14,-0.07581,-0.8223,0.2868,-0.48547,433.0,0.979,-0.031,0.235,-0.122,-0.854,-0.061,-8.229,-76.091,-112.934,-27.813,-8.933,9.8,28.5,-0.39694,0.54358,0.29202,0.67938,423,0.948,-0.03,0.31,0.0,0.0,-0.244,-5.444,-71.219,160.219,-23.693,-10.38,-14.333,31.94,0.16391,0.56644,-0.13583,0.79605,429.0,0.83,-0.014,-0.535,-0.061,0.0,0.0,-178.341,-57.206,-12.42,-26.9,-13.573,13.707,31.54,0.03915,0.87341,-0.08807,0.47726,425
108,0.854,-0.157,-0.526,-0.183,-0.244,0.0,-163.449,-57.327,-47.521,-27.313,-8.287,6.28,29.14,-0.07581,-0.8223,0.2868,-0.48547,438.0,0.979,-0.032,0.234,0.122,-0.549,0.0,-8.229,-76.102,-112.917,-27.813,-8.933,9.8,28.5,-0.39694,0.54358,0.29202,0.67938,434,0.936,-0.032,0.313,0.366,0.183,-0.61,-5.422,-71.219,160.164,-23.693,-10.38,-14.333,31.94,0.16391,0.56644,-0.13583,0.79605,436.0,0.83,-0.014,-0.535,0.0,0.0,0.0,-178.341,-57.206,-12.42,-26.9,-13.573,13.707,31.54,0.03915,0.87341,-0.08807,0.47726,430
109,0.855,-0.157,-0.527,-0.305,-0.061,0.0,-163.455,-57.327,-47.516,-27.313,-8.287,6.28,29.14,-0.07581,-0.8223,0.2868,-0.48547,439.0,0.971,-0.035,0.236,-0.061,-0.549,-0.122,-8.229,-76.113,-112.901,-27.813,-8.933,9.8,28.5,-0.39694,0.54358,0.29202,0.67938,435,0.938,-0.027,0.313,-0.122,0.0,-0.916,-5.372,-71.219,160.087,-23.693,-10.38,-14.333,31.94,0.16391,0.56644,-0.13583,0.79605,437.0,0.829,-0.013,-0.535,0.0,0.0,0.0,-178.341,-57.206,-12.42,-26.9,-13.573,13.707,31.54,0.03915,0.87341,-0.08807,0.47726,431
110,0.858,-0.155,-0.53,-0.366,0.0,0.0,-163.46,-57.327,-47.51,-27.313,-8.287,6.28,29.14,-0.07581,-0.8223,0.2868,-0.48547,448.0,0.977,-0.031,0.238,-0.244,-0.061,-0.122,-8.223,-76.124,-112.896,-27.813,-8.933,9.8,28.5,-0.39694,0.54358,0.29202,0.67938,442,0.948,-0.027,0.318,-0.854,-0.366,-0.488,-5.334,-71.224,160.005,-24.26,-10.013,-13.933,31.94,0.16391,0.56644,-0.13583,0.79605,446.0,0.829,-0.015,-0.536,0.061,0.061,0.0,-178.347,-57.206,-12.42,-26.9,-13.573,13.707,31.54,0.03915,0.87341,-0.08807,0.47726,440
111,0.859,-0.156,-0.53,-0.183,-0.122,0.0,-163.466,-57.321,-47.51,-27.313,-8.287,6.28,29.14,-0.07581,-0.8223,0.2868,-0.48547,449.0,0.986,-0.029,0.24,-0.061,0.061,0.0,-8.212,-76.124,-112.896,-27.813,-8.933,9.8,28.5,-0.39694,0.54358,0.29202,0.67938,443,0.959,-0.027,0.319,0.549,-0.183,-2.075,-5.295,-71.23,159.922,-24.26,-10.013,-13.933,31.94,0.16391,0.56644,-0.13583,0.79605,447.0,0.829,-0.016,-0.538,0.0,0.183,0.0,-178.347,-57.211,-12.42,-26.9,-13.573,13.707,31.54,0.03915,0.87341,-0.08807,0.47726,441
112,0.856,-0.157,-0.53,-0.122,-0.366,0.0,-163.471,-57.316,-47.499,-27.313,-8.287,6.28,29.14,-0.07581,-0.8223,0.2868,-0.48547,456.0,0.987,-0.033,0.236,-0.061,-0.488,0.0,-8.212,-76.124,-112.885,-27.813,-8.933,9.8,28.5,-0.39694,0.54358,0.29202,0.67938,450,0.947,-0.031,0.315,0.0,0.549,-0.061,-5.191,-71.235,159.807,-24.26,-10.013,-13.933,31.94,0.16827,0.56631,-0.13821,0.79483,452.0,0.831,-0.013,-0.538,-0.305,0.244,0.0,-178.352,-57.211,-12.42,-26.9,-13.573,13.707,31.54,0.03915,0.87341,-0.08807,0.47726,444
113,0.854,-0.155,-0.527,-0.061,-0.305,0.0,-163.477,-57.31,-47.494,-27.313,-8.287,6.28,29.14,-0.07581,-0.8223,0.2868,-0.48547,457.0,0.978,-0.037,0.234,0.0,-1.709,0.0,-8.218,-76.141,-112.868,-27.813,-8.933,9.8,28.5,-0.39694,0.54358,0.29202,0.67938,451,0.94,-0.032,0.315,0.549,0.977,-0.183,-5.186,-71.224,159.785,-24.26,-10.013,-13.933,31.94,0.16827,0.56631,-0.13821,0.79483,453.0,0.83,-0.013,-0.537,-0.122,0.244,0.0,-178.358,-57.217,-12.42,-26.9,-13.573,13.707,31.54,0.03915,0.87341,-0.08807,0.47726,445
114,0.852,-0.157,-0.522,-0.061,-0.549,0.0,-163.482,-57.299,-47.483,-27.313,-8.287,6.28,29.14,-0.07581,-0.8223,0.2868,-0.48547,460.0,0.976,-0.035,0.235,0.0,-1.953,0.0,-8.234,-76.179,-112.863,-27.813,-8.933,9.8,28.5,-0.39694,0.54358,0.29202,0.67938,454,0.941,-0.03,0.31,1.099,0.549,0.0,-5.158,-71.213,159.752,-24.26,-10.013,-13.933,31.94,0.16827,0.56631,-0.13821,0.79483,464.0,0.83,-0.015,-0.537,-0.183,0.183,0.0,-178.363,-57.217,-12.42,-26.9,-13.573,13.707,31.54,0.03915,0.87341,-0.08807,0.47726,458
115,0.853,-0.158,-0.516,-0.549,-0.977,0.0,-163.499,-57.283,-47.472,-27.313,-8.287,6.28,29.14,-0.07581,-0.8223,0.2868,-0.48547,461.0,0.983,-0.034,0.234,0.0,-1.343,-0.061,-8.251,-76.212,-112.857,-27.813,-8.933,9.8,28.5,-0.39694,0.54358,0.29202,0.67938,455,0.953,-0.028,0.302,0.0,0.732,-0.427,-5.136,-71.202,159.719,-24.26,-10.013,-13.933,31.94,0.16827,0.56631,-0.13821,0.79483,465.0,0.83,-0.017,-0.538,-0.488,0.122,0.0,-178.369,-57.217,-12.42,-26.9,-13.573,13.707,31.54,0.03915,0.87341,-0.08807,0.47726,459
116,0.857,-0.158,-0.501,-0.793,-1.831,0.0,-163.526,-57.255,-47.466,-27.313,-8.287,6.28,29.14,-0.07581,-0.8223,0.2868,-0.48547,470.0,1.003,-0.031,0.231,-0.183,-0.366,-0.183,-8.256,-76.24,-112.874,-27.813,-8.933,9.8,28.5,-0.39694,0.54358,0.29202,0.67938,468,0.97,-0.025,0.288,-0.061,1.526,-3.54,-5.021,-71.186,159.565,-24.26,-10.013,-13.933,31.94,0.16827,0.56631,-0.13821,0.79483,466.0,0.829,-0.015,-0.534,-0.549,0.061,0.0,-178.385,-57.217,-12.42,-27.147,-13.273,13.407,31.54,0.03915,0.87341,-0.08807,0.47726,462
117,0.866,-0.156,-0.479,-0.732,-2.258,0.0,-163.553,-57.217,-47.444,-27.313,-8.287,6.28,29.14,-0.07581,-0.8223,0.2868,-0.48547,471.0,1.015,-0.034,0.215,0.0,0.671,-0.366,-8.24,-76.24,-112.906,-27.813,-8.933,9.8,28.5,-0.39694,0.54358,0.29202,0.67938,469,1.001,-0.056,0.249,3.296,2.075,0.122,-4.889,-71.164,159.412,-24.26,-10.013,-13.933,31.94,0.16827,0.56631,-0.13821,0.79483,467.0,0.829,-0.013,-0.524,-0.244,0.0,0.0,-178.385,-57.217,-12.42,-27.147,-13.273,13.407,31.54,0.03915,0.87341,-0.08807,0.47726,463
118,0.89,-0.148,-0.465,-2.075,-0.061,-1.343,-163.614,-57.222,-47.411,-26.88,-8.46,7.007,29.14,-0.07581,-0.8223,0.2868,-0.48547,486.0,1.03,-0.039,0.193,2.563,1.343,-0.977,-8.174,-76.229,-112.978,-28.0,-9.307,10.127,28.5,-0.39694,0.54358,0.29202,0.67938,474,1.083,-0.027,0.195,6.836,11.536,-5.371,-4.62,-71.054,159.186,-24.26,-10.013,-13.933,31.94,0.16827,0.56631,-0.13821,0.79483,476.0,0.827,-0.012,-0.511,-0.122,-0.549,0.0,-178.391,-57.211,-12.42,-27.147,-13.273,13.407,31.54,0.03915,0.87341,-0.08807,0.47726,472
119,0.919,-0.146,-0.447,-4.333,8.911,-3.296,-163.707,-57.382,-47.384,-26.88,-8.46,7.007,29.14,-0.07581,-0.8223,0.2868,-0.48547,487.0,1.086,-0.022,0.134,3.174,7.141,-1.343,-8.009,-76.19,-113.099,-28.0,-9.307,10.127,28.5,-0.39694,0.54358,0.29202,0.67938,475,1.196,0.001,0.163,7.996,26.917,-3.967,-4.147,-70.714,158.758,-24.26,-10.013,-13.933,31.94,0.16827,0.56631,-0.13821,0.79483,477.0,0.826,-0.012,-0.506,0.061,-1.16,0.0,-178.391,-57.189,-12.437,-27.147,-13.273,13.407,31.54,0.03915,0.87341,-0.08807,0.47726,473
120,,,,,,,,,,,,,,,,,,,1.171,-0.01,0.092,4.089,15.137,-1.892,-7.729,-76.036,-113.324,-28.0,-9.307,10.127,28.5,-0.39694,0.54358,0.29202,0.67938,478,1.241,-0.036,0.169,5.92,42.48,-0.732,-3.779,-70.087,158.373,-24.26,-10.013,-13.933,31.94,0.16827,0.56631,-0.13821,0.79483,482.0,0.83,-0.014,-0.521,-0.061,-1.526,0.305,-178.385,-57.167,-12.469,-27.147,-13.273,13.407,31.54,0.03961,0.87344,-0.08841,0.47708,480
121,,,,,,,,,,,,,,,,,,,1.225,-0.032,0.072,3.723,14.099,-2.808,-7.328,-75.795,-113.676,-28.0,-9.307,10.127,28.5,-0.39694,0.54358,0.29202,0.67938,479,1.284,-0.064,0.175,5.005,54.565,-4.822,-3.417,-69.203,157.928,-24.26,-10.013,-13.933,31.94,0.16827,0.56631,-0.13821,0.79483,483.0,0.828,-0.007,-0.54,-1.099,-1.892,0.549,-178.396,-57.134,-12.519,-27.147,-13.273,13.407,31.54,0.03961,0.87344,-0.08841,0.47708,481
122,,,,,,,,,,,,,,,,,,,1.231,-0.046,0.021,7.141,2.502,-1.038,-7.02,-75.696,-113.928,-28.0,-9.307,10.127,28.5,-0.39795,0.54031,0.29297,0.681,484,,,,,,,,,,,,,,,,,,,0.833,0.003,-0.561,1.526,-0.61,0.732,-178.352,-57.123,-12.568,-27.147,-13.273,13.407,31.54,0.03961,0.87344,-0.08841,0.47708,488
123,,,,,,,,,,,,,,,,,,,1.256,-0.06,0.021,11.108,-10.193,2.93,-7.004,-75.85,-113.818,-28.0,-9.307,10.127,28.5,-0.39795,0.54031,0.29297,0.681,485,,,,,,,,,,,,,,,,,,,0.834,-0.003,-0.624,4.639,3.113,0.732,-178.242,-57.178,-12.618,-27.147,-13.273,13.407,31.54,0.03961,0.87344,-0.08841,0.47708,489
